Date,Next_Day_Return,Target_Direction,Target_Risk
2017-07-27,-0.00021951508230511063,0,0
2017-07-28,0.013013869051484939,1,0
2017-07-31,-0.007181726311136005,0,0
2017-08-01,0.01596410428869266,1,0
2017-08-02,0.0128284781394008,1,0
2017-08-03,-0.016938520239552224,0,0
2017-08-04,-0.0035753071477304665,0,0
2017-08-07,-0.008537892830495664,0,0
2017-08-08,-0.00234018961451965,0,0
2017-08-09,-0.009037857488782164,0,0
2017-08-10,-0.02404763828101686,0,1
2017-08-11,0.017332115053801944,1,0
2017-08-14,-0.0044180902117422205,0,0
2017-08-16,0.0006384390285409935,1,0
2017-08-17,0.005296380465654282,1,0
2017-08-18,-0.006982165528657047,0,0
2017-08-21,-0.002780755457939099,0,0
2017-08-22,0.014102087266941954,1,0
2017-08-23,-0.00884935020357791,0,0
2017-08-24,-0.0009566005571228775,0,0
2017-08-28,-0.021958992312664627,0,1
2017-08-29,0.020853031104146602,1,0
2017-08-30,0.01943601037860465,1,0
2017-08-31,0.00978366728340374,1,0
2017-09-01,0.0020185909693615223,1,0
2017-09-04,0.011931759811966147,1,0
2017-09-05,0.007840053354773113,1,0
2017-09-06,-0.005591353291071188,0,0
2017-09-07,-0.0014665903805516356,0,0
2017-09-08,0.001223967849560914,1,0
2017-09-11,0.007152553439005338,1,0
2017-09-12,0.030652449557913686,1,0
2017-09-13,-0.006065933189142614,0,0
2017-09-14,-0.002429304572086788,0,0
2017-09-15,0.0044547319097318905,1,0
2017-09-18,-0.008219602443004015,0,0
2017-09-19,0.010195596648361782,1,0
2017-09-20,-0.006846440835546641,0,0
2017-09-21,-0.02846622129067089,0,1
2017-09-22,0.005077217951181545,1,0
2017-09-25,-0.0017649870565927817,0,0
2017-09-26,-0.025545653181755945,0,1
2017-09-27,-0.015891804310061652,0,0
2017-09-28,-0.007057068042173542,0,0
2017-09-29,0.022346005253826462,1,0
2017-10-03,0.025678000404776302,1,0
2017-10-04,0.0064724458262590545,1,0
2017-10-05,0.01565244486551931,1,0
2017-10-06,-0.007645951928974992,0,0
2017-10-09,0.01510859017184596,1,0
2017-10-10,-0.003617133676729667,0,0
2017-10-11,0.03880262723316563,1,0
2017-10-12,0.004239338272600923,1,0
2017-10-13,0.00039943262195674123,1,0
2017-10-16,-0.0027941995523455,0,0
2017-10-17,0.04591988811887804,1,0
2017-10-18,-0.005030152988659942,0,0
2017-10-19,0.03280583731545006,1,0
2017-10-23,-0.005852683859354668,0,0
2017-10-24,0.006047755179393821,1,0
2017-10-25,0.007979483837961876,1,0
2017-10-26,-0.01852439417756413,0,0
2017-10-27,0.01360438094177474,1,0
2017-10-30,-0.0017507189479720742,0,0
2017-10-31,0.01243557181101207,1,0
2017-11-01,-0.006246409669694031,0,0
2017-11-02,-0.001373231164758737,0,0
2017-11-03,-0.013540767936227494,0,0
2017-11-06,-0.027667557615904115,0,1
2017-11-07,-0.020844694282410203,0,1
2017-11-08,0.01430502853234894,1,0
2017-11-09,-0.018489909535896354,0,0
2017-11-10,-0.00973015733911542,0,0
2017-11-13,0.013082145108929133,1,0
2017-11-14,-0.0033834035309661115,0,0
2017-11-15,0.022801957090163638,1,0
2017-11-16,0.008906297813163766,1,0
2017-11-17,0.009814609216040715,1,0
2017-11-20,0.012705509574807428,1,0
2017-11-21,-0.0019300096857729487,0,0
2017-11-22,0.017459081733626647,1,0
2017-11-23,0.004329394892454319,1,0
2017-11-24,0.0002629260480171425,1,0
2017-11-27,-0.008409233304024877,0,0
2017-11-28,0.0028091917117734067,1,0
2017-11-29,-0.02584557643173968,0,1
2017-11-30,-0.012424876957386588,0,0
2017-12-01,-0.009339693456967724,0,0
2017-12-04,0.013420810061435029,1,0
2017-12-05,0.014173070323216574,1,0
2017-12-06,0.00528784048351616,1,0
2017-12-07,-0.011325160954614444,0,0
2017-12-08,-0.0052660961076104185,0,0
2017-12-11,-0.0006003070323499227,0,0
2017-12-12,-0.0010375994884167516,0,0
2017-12-13,0.0074891298574171206,1,0
2017-12-14,-0.0018989991258563377,0,0
2017-12-15,0.0013591380660455954,1,0
2017-12-18,0.005374462538674241,1,0
2017-12-19,-0.008423736855478925,0,0
2017-12-20,-0.0056634318885383506,0,0
2017-12-21,0.008160298523439025,1,0
2017-12-22,0.010212917479913264,1,0
2017-12-26,-0.00650673432969695,0,0
2017-12-27,0.00048724910052411197,1,0
2017-12-28,-0.0034085569438458974,0,0
2017-12-29,-0.010042944088588635,0,0
2018-03-15,-0.012886576750238965,0,0
2018-03-16,-0.0050551583281293055,0,0
2018-03-19,-0.00636510127932155,0,0
2018-03-20,0.007979322107457776,1,0
2018-03-21,0.012543181269282666,1,0
2018-03-22,-0.015691288318089525,0,0
2018-03-23,0.008054686678674594,1,0
2018-03-26,-0.001442878739108977,0,0
2018-03-27,-0.01900412978986976,0,0
2018-03-28,0.011612000159773928,1,0
2018-04-02,0.007391390015813348,1,0
2018-04-03,-0.005169303604578124,0,0
2018-04-04,0.014862016007455292,1,0
2018-04-05,0.003082908857977129,1,0
2018-04-06,0.005488541191295493,1,0
2018-04-09,0.001146407444722941,1,0
2018-04-10,0.01504819425831494,1,0
2018-04-11,-0.002309548722008725,0,0
2018-04-12,0.010929069970441185,1,0
2018-04-13,-0.0019173540277852563,0,0
2018-04-16,0.007683779003971658,1,0
2018-04-17,-0.006619218630396051,0,0
2018-04-18,0.004584407007911961,1,0
2018-04-19,-0.015281642451373756,0,0
2018-04-20,0.008729312910682463,1,0
2018-04-23,0.03637811072769859,1,0
2018-04-24,0.00046399299853527864,1,0
2018-04-25,0.004997429376508933,1,0
2018-04-26,0.021479387695095387,1,0
2018-04-27,-0.033122496684887204,0,1
2018-04-30,0.009758163462855407,1,0
2018-05-02,-0.011411671198935824,0,0
2018-05-03,-0.007955390914138105,0,0
2018-05-04,0.01787313882403896,1,0
2018-05-07,-0.004016599055023828,0,0
2018-05-08,0.00992650998087341,1,0
2018-05-09,0.004556250402829809,1,0
2018-05-10,0.008255618071714599,1,0
2018-05-11,-0.0026788484978642613,0,0
2018-05-14,-0.007753875020515388,0,0
2018-05-15,-0.023290191322971054,0,1
2018-05-16,-0.011295322074233227,0,0
2018-05-17,-0.012164858489994712,0,0
2018-05-18,-0.002677084852292677,0,0
2018-05-21,-0.004939073310999631,0,0
2018-05-22,-0.01564597315122085,0,0
2018-05-23,0.003946218582528971,1,0
2018-05-24,0.005404836009606395,1,0
2018-05-25,-0.000434389017487824,0,0
2018-05-28,-0.00320507720787655,0,0
2018-05-29,-0.0014715578995848633,0,0
2018-05-30,0.005730881102419039,1,0
2018-05-31,0.009985434847212815,1,0
2018-06-01,0.011068522658026714,1,0
2018-06-04,0.0072274651643320365,1,0
2018-06-05,0.007123017506381446,1,0
2018-06-06,0.017759846178683425,1,0
2018-06-07,0.013383482779425693,1,0
2018-06-08,-0.001727053001292278,0,0
2018-06-11,0.014755919372212878,1,0
2018-06-12,0.00536522613479451,1,0
2018-06-13,0.005436635335644313,1,0
2018-06-14,0.006200554984375772,1,0
2018-06-15,0.0013312466437398474,1,0
2018-06-18,-0.01920151841789719,0,0
2018-06-19,0.023291850374820955,1,0
2018-06-20,0.012460285325988973,1,0
2018-06-21,-0.01884773857402733,0,0
2018-06-22,-0.007950712247021152,0,0
2018-06-25,-0.02538705226821658,0,1
2018-06-26,-0.006786373031015924,0,0
2018-06-27,-0.021638921677296974,0,1
2018-06-28,0.029101970570870384,1,0
2018-06-29,-0.012185829108277368,0,0
2018-07-02,0.011139057821987208,1,0
2018-07-03,0.019355461520088157,1,0
2018-07-04,-0.025855968763739856,0,1
2018-07-05,0.013530353441722376,1,0
2018-07-06,0.01999891809675014,1,0
2018-07-09,0.028683175455924026,1,0
2018-07-10,0.012771843974968222,1,0
2018-07-11,0.04192330737922623,1,0
2018-07-12,0.016122408563065127,1,0
2018-07-13,-0.02145854596510388,0,1
2018-07-16,0.015006500179473026,1,0
2018-07-17,0.0001830998520937488,1,0
2018-07-18,0.011258043070756285,1,0
2018-07-19,0.021541495045465542,1,0
2018-07-20,-0.007398265751995203,0,0
2018-07-23,-0.00834588214775478,0,0
2018-07-24,0.0037804097992522046,1,0
2018-07-25,-0.004035361064657739,0,0
2018-07-26,0.0172872182758681,1,0
2018-07-27,0.01907335898382989,1,0
2018-07-30,0.030050365574358695,1,0
2018-07-31,0.005354099424571768,1,0
2018-08-01,-0.020128310869602428,0,1
2018-08-02,0.007360848580066248,1,0
2018-08-03,0.013297028237908348,1,0
2018-08-06,-0.007043524539489643,0,0
2018-08-07,0.028289297949771308,1,0
2018-08-08,0.00020530028025245173,1,0
2018-08-09,-0.011289424167702622,0,0
2018-08-10,-0.013702065357824589,0,0
2018-08-13,0.019281115638164703,1,0
2018-08-14,-0.008095469912903663,0,0
2018-08-16,0.0024567073369585746,1,0
2018-08-17,0.025877574715932772,1,0
2018-08-20,0.009960467652794236,1,0
2018-08-21,0.017839763305471212,1,0
2018-08-23,0.006341550417943598,1,0
2018-08-24,0.010958646243224734,1,0
2018-08-27,0.021293001540863665,1,0
2018-08-28,-0.018802041898007604,0,0
2018-08-29,-0.015260356729883351,0,0
2018-08-30,-0.02573657615498448,0,1
2018-08-31,-0.010067125273858335,0,0
2018-09-03,0.010413613185094706,1,0
2018-09-04,-0.012037528844770273,0,0
2018-09-05,0.0280356764780052,1,0
2018-09-06,0.01363582948408304,1,0
2018-09-07,-0.017792806006153183,0,0
2018-09-10,-0.014452594624424053,0,0
2018-09-11,0.011957875710686183,1,0
2018-09-12,0.0005188618331377626,1,0
2018-09-14,-0.021745244527542562,0,1
2018-09-17,-0.007137671794200329,0,0
2018-09-18,-0.005258198814837689,0,0
2018-09-19,0.005575041144856074,1,0
2018-09-21,0.011950939547642259,1,0
2018-09-24,-0.0011770517768479039,0,0
2018-09-25,0.016902199435061993,1,0
2018-09-26,0.0018779414112690684,1,0
2018-09-27,0.0033502683448143333,1,0
2018-09-28,-0.02086756050838401,0,1
2018-10-01,-0.021596203345627063,0,1
2018-10-03,-0.06874940786682393,0,1
2018-10-04,-0.06540423638947346,0,1
2018-10-05,0.05772984674298276,1,0
2018-10-08,-0.017441801570842186,0,0
2018-10-09,0.011054520568826165,1,0
2018-10-10,-0.012975226133721374,0,0
2018-10-11,0.0356222215743367,1,0
2018-10-12,0.011717296738325889,1,0
2018-10-15,0.02110115828621062,1,0
2018-10-16,-0.01074060360838025,0,0
2018-10-17,-0.04342928586626371,0,1
2018-10-19,-0.035094907681586185,0,1
2018-10-22,-0.007481200165963431,0,0
2018-10-23,-0.008485835836918754,0,0
2018-10-24,-0.014296034002832192,0,0
2018-10-25,0.013678684712373768,1,0
2018-10-26,0.04105661920099024,1,0
2018-10-29,-0.02831405099056772,0,1
2018-10-30,0.004020850186347014,1,0
2018-10-31,-0.004711574879829761,0,0
2018-11-01,0.01765687745974165,1,0
2018-11-02,0.014326926549157903,1,0
2018-11-05,0.012657201683563102,1,0
2018-11-06,0.005977616673958019,1,0
2018-11-07,-0.015530756142361324,0,0
2018-11-09,-0.012300557467135875,0,0
2018-11-12,0.01800936309922596,1,0
2018-11-13,-0.0013644120110397617,0,0
2018-11-14,-0.001001818645581909,0,0
2018-11-15,0.02785257781026229,1,0
2018-11-16,0.020046179738705483,1,0
2018-11-19,-0.010956719883318922,0,0
2018-11-20,-0.02154033821669754,0,1
2018-11-21,-0.00903042384535424,0,0
2018-11-22,0.006256458601497483,1,0
2018-11-26,0.016625426055819847,1,0
2018-11-27,0.021671745460023262,1,0
2018-11-28,0.01375099463603835,1,0
2018-11-29,-0.0008132958531233969,0,0
2018-11-30,-0.009506843351734795,0,0
2018-12-03,-0.0035886870419274963,0,0
2018-12-04,0.002473352288640651,1,0
2018-12-05,-0.02726914564264915,0,1
2018-12-06,0.009032875048603284,1,0
2018-12-07,-0.03841048020807758,0,1
2018-12-10,0.006695732392288933,1,0
2018-12-11,0.011798931582026828,1,0
2018-12-12,-0.0031067727534273004,0,0
2018-12-13,0.004652044242063003,1,0
2018-12-14,0.01591435509841621,1,0
2018-12-17,0.005752892692542977,1,0
2018-12-18,0.000351944083056166,1,0
2018-12-19,-0.007345165273344834,0,0
2018-12-20,-0.02503448618847859,0,1
2018-12-21,-0.01004357026513647,0,0
2018-12-24,0.008447022927823511,1,0
2018-12-26,0.019893425588768388,1,0
2018-12-27,0.004775858333702532,1,0
2018-12-28,-0.0038201921097346103,0,0
2018-12-31,0.19647695802082166,1,0
2019-03-14,-0.014833468956733875,0,0
2019-03-15,0.02148833103977843,1,0
2019-03-18,0.01962895340846793,1,0
2019-03-19,-0.0007993609119526512,0,0
2019-03-20,-0.02450086441146082,0,1
2019-03-22,-0.012893656392581776,0,0
2019-03-25,0.03231552369482338,1,0
2019-03-26,-0.013165306023449452,0,0
2019-03-27,0.007967202828004893,1,0
2019-03-28,0.023419364735638437,1,0
2019-04-01,-0.0015448883997941643,0,0
2019-04-02,-0.010433663721770015,0,0
2019-04-03,-0.016106690089474962,0,0
2019-04-04,0.0006279713224390804,1,0
2019-04-05,-0.018206563141886623,0,0
2019-04-08,0.00391184723318494,1,0
2019-04-09,-0.0022855738739242515,0,0
2019-04-10,0.011566833458684478,1,0
2019-04-11,-0.0027471475512689247,0,0
2019-04-12,-0.0021966266237799514,0,0
2019-04-15,0.0026863891468602574,1,0
2019-04-16,0.03140469628694542,1,0
2019-04-18,-0.029294075451105295,0,1
2019-04-22,0.013751157409068293,1,0
2019-04-23,0.018806835231514496,1,0
2019-04-24,-0.012306477952320205,0,0
2019-04-25,0.014864345254141043,1,0
2019-04-26,0.0,0,0
2019-04-30,0.008795424529889573,1,0
2019-05-02,0.0027045060674737442,1,0
2019-05-03,-0.016999635615131625,0,0
2019-05-06,-0.029893871975291586,0,1
2019-05-07,-0.03278759022876254,0,1
2019-05-08,-0.03309078866121429,0,1
2019-05-09,-0.004218178928881544,0,0
2019-05-10,-0.015266015418656798,0,0
2019-05-13,0.023051054299053853,1,0
2019-05-14,-0.0028166508733510343,0,0
2019-05-15,0.006723018378758772,1,0
2019-05-16,0.0016201107760414057,1,0
2019-05-17,0.04615738625236632,1,0
2019-05-20,0.010483533564186187,1,0
2019-05-21,0.00044769405144284846,1,0
2019-05-22,-0.004849288747323155,0,0
2019-05-23,0.002211570626571069,1,0
2019-05-24,-0.01959822433317082,0,0
2019-05-27,0.009995101554372665,1,0
2019-05-28,-0.008083178646800082,0,0
2019-05-29,0.012718665899497994,1,0
2019-05-30,0.0003008220811080431,1,0
2019-05-31,0.022591153763421357,1,0
2019-06-03,-0.006285734560642298,0,0
2019-06-04,-0.017977851331230754,0,0
2019-06-06,-0.009379743904350701,0,0
2019-06-07,0.0032320044362983413,1,0
2019-06-10,0.00758067203542967,1,0
2019-06-11,0.002257236581383104,1,0
2019-06-12,-0.003678302548665413,0,0
2019-06-13,-0.007308339710529688,0,0
2019-06-14,-0.026754100639072576,0,1
2019-06-17,-0.0010139300591497369,0,0
2019-06-18,-0.0028493990707672,0,0
2019-06-19,0.015187900804420895,1,0
2019-06-20,-0.013302493382780445,0,0
2019-06-21,-0.013364691083840419,0,0
2019-06-24,0.026497030793306342,1,0
2019-06-25,-0.001311700717290809,0,0
2019-06-26,-0.015454222709409438,0,0
2019-06-27,-0.016520690986663755,0,0
2019-06-28,0.012568643643960264,1,0
2019-07-01,0.007605264773691056,1,0
2019-07-02,0.0031678519327973387,1,0
2019-07-03,0.0011305982946414606,1,0
2019-07-04,-0.01608262904667268,0,0
2019-07-05,-0.00894441710939975,0,0
2019-07-08,0.0224032191790402,1,0
2019-07-09,-0.0009764634078820444,0,0
2019-07-10,0.0021111793632324627,1,0
2019-07-11,-0.0008191291236071541,0,0
2019-07-12,-0.0034362063076299743,0,0
2019-07-15,0.013243403691222788,1,0
2019-07-16,-0.00862338975296617,0,0
2019-07-17,-0.01560230085584502,0,0
2019-07-18,-0.010183527733287345,0,0
2019-07-19,0.025220248267821876,1,0
2019-07-22,-0.005427719922587948,0,0
2019-07-23,-0.011346037245560825,0,0
2019-07-24,-0.021920538881602503,0,1
2019-07-25,-0.014372670975754565,0,0
2019-07-26,-0.002348033849675857,0,0
2019-07-29,-0.024815261645533493,0,1
2019-07-30,-0.012405875839421099,0,0
2019-07-31,0.012004362342072694,1,0
2019-08-01,0.009497074143164363,1,0
2019-08-02,-0.03461800727768316,0,1
2019-08-05,-0.013163037830127178,0,0
2019-08-06,-0.016750894510206504,0,0
2019-08-07,0.038714638971895976,1,0
2019-08-08,0.008460961026148794,1,0
2019-08-09,0.0969366151416069,1,0
2019-08-13,0.010590423104031688,1,0
2019-08-14,-0.007956642459032603,0,0
2019-08-16,0.011424074845885368,1,0
2019-08-19,-0.012881076490418253,0,0
2019-08-20,-0.003918702315374167,0,0
2019-08-21,-0.019040773386163612,0,0
2019-08-22,0.023340587505490173,1,0
2019-08-23,-0.007093193660355435,0,0
2019-08-26,0.00635465994329909,1,0
2019-08-27,-0.009059959090090497,0,0
2019-08-28,-0.017058459035969586,0,0
2019-08-29,0.005476057728532213,1,0
2019-08-30,-0.033759184687487065,0,1
2019-09-03,-0.004351855523350268,0,0
2019-09-04,-0.0021228473975919426,0,0
2019-09-05,0.01993990138172852,1,0
2019-09-06,-0.00024531914698000534,0,0
2019-09-09,0.009981937478509728,1,0
2019-09-11,-0.01948319379938268,0,0
2019-09-12,0.012599725650769722,1,0
2019-09-13,-0.012116608517189986,0,0
2019-09-16,-0.010984834719739656,0,0
2019-09-17,0.006889694041038563,1,0
2019-09-18,-0.02210340630349117,0,1
2019-09-19,0.06386494483373384,1,0
2019-09-20,-0.01207787430985685,0,0
2019-09-23,0.031875381394612656,1,0
2019-09-24,0.0006647005422759644,1,0
2019-09-25,0.013481319228461075,1,0
2019-09-26,0.00944618814055298,1,0
2019-09-27,0.01772296050148925,1,0
2019-09-30,-0.02052923866564582,0,1
2019-10-01,0.004713051041159044,1,0
2019-10-03,-0.002250280683937289,0,0
2019-10-04,0.0015291027772290633,1,0
2019-10-07,0.011182350296052634,1,0
2019-10-09,0.02868469463982337,1,0
2019-10-10,-0.0074482381545283305,0,0
2019-10-11,0.003992332921064934,1,0
2019-10-14,0.004528762979227441,1,0
2019-10-15,0.00601099369591207,1,0
2019-10-16,0.017597434344211127,1,0
2019-10-17,0.014214239758864045,1,0
2019-10-18,-0.0015532359275373109,0,0
2019-10-22,-0.015380408823465586,0,0
2019-10-23,0.03163616242620848,1,0
2019-10-24,-0.0036548023790280437,0,0
2019-10-25,0.0572594757435827,1,0
2020-01-08,0.02303150082399652,1,0
2020-01-09,-0.00022623142279198927,0,0
2020-01-10,-0.0025521667778152235,0,0
2020-01-13,-0.009263323102511323,0,0
2020-01-14,-0.003628950803751807,0,0
2020-01-15,0.009219923735023006,1,0
2020-01-16,0.028025436947423765,1,0
2020-01-17,-0.03077176097038936,0,1
2020-01-20,0.0010115776398138543,1,0
2020-01-21,-0.00035850634034373385,0,0
2020-01-22,-0.004239168367470958,0,0
2020-01-23,-0.0034712693392783267,0,0
2020-01-24,-0.009858232395167477,0,0
2020-01-27,-0.023099096479509917,0,1
2020-01-28,0.005503448724180293,1,0
2020-01-29,-0.02439438479468703,0,1
2020-01-30,-0.022233673879850202,0,1
2020-01-31,-0.018524365917543695,0,0
2020-02-03,0.029519912261280368,1,0
2020-02-04,0.015493552304900682,1,0
2020-02-05,0.006420433652269963,1,0
2020-02-06,-0.01656594900632513,0,0
2020-02-07,0.0013600099890223039,1,0
2020-02-10,0.011946295614341684,1,0
2020-02-11,0.012080579845188621,1,0
2020-02-12,0.002618471429081559,1,0
2020-02-13,0.009123978831342638,1,0
2020-02-14,-0.006285309660801541,0,0
2020-02-17,-0.007339912303069074,0,0
2020-02-18,0.024805921326096048,1,0
2020-02-19,-0.011869996878211553,0,0
2020-02-20,-0.02759171024640983,0,1
2020-02-24,-0.019758444450789447,0,0
2020-02-25,-0.017226761822635273,0,0
2020-02-26,-0.004130817864716474,0,0
2020-02-27,-0.041551010439835556,0,1
2020-02-28,-0.00940791661818019,0,0
2020-03-02,0.020286418675148354,1,0
2020-03-03,-0.0023457104151543007,0,0
2020-03-04,-0.021310815750807954,0,1
2020-03-05,-0.030622142019482435,0,1
2020-03-06,-0.12340655510494414,0,1
2020-03-09,0.0353632657319356,1,0
2020-03-11,-0.07849684575347116,0,1
2020-03-12,0.03979301976834004,1,0
2020-03-13,-0.0810639293109644,0,1
2020-03-16,-0.007581059920635513,0,0
2020-03-17,-0.039186417418608954,0,1
2020-03-18,-0.05245230021738956,0,1
2020-03-19,0.10924049378482348,1,0
2020-03-20,-0.1315388340530267,0,1
2020-03-23,0.06713431164812311,1,0
2020-03-24,0.14718016669172918,1,0
2020-03-25,-0.014830089751204145,0,0
2020-03-26,-0.0005628206803560687,0,0
2020-03-27,-0.03298599867242036,0,1
2020-03-30,0.08083847847301673,1,0
2020-03-31,-0.029899068836561016,0,1
2020-04-01,-0.002776734698019978,0,0
2020-04-03,0.11940244393920585,1,0
2020-04-07,-0.011566201802520548,0,0
2020-04-08,0.023319271934574726,1,0
2020-04-09,-0.025246980722532286,0,1
2020-04-13,-0.03304881010521021,0,1
2020-04-15,0.01582794152601963,1,0
2020-04-16,0.04790041754373697,1,0
2020-04-17,0.01617659788641279,1,0
2020-04-20,-0.005185911608633242,0,0
2020-04-21,0.10203256022209883,1,0
2020-04-22,0.0053538171302849324,1,0
2020-04-23,0.03362745731266292,1,0
2020-04-24,0.008997864095494634,1,0
2020-04-27,-0.0011190650510126687,0,0
2020-04-28,-0.0008403590394646665,0,0
2020-04-29,0.027366146043455775,1,0
2020-04-30,-0.02100958739836145,0,1
2020-05-04,0.017732568411743532,1,0
2020-05-05,6.85968628992839e-05,1,0
2020-05-06,0.03162755302872844,1,0
2020-05-07,0.036398097333735,1,0
2020-05-08,0.009604257379880243,1,0
2020-05-11,-0.06186592484036446,0,1
2020-05-12,0.021216875503374588,1,0
2020-05-13,-0.04042903002774667,0,1
2020-05-14,0.016330662585813283,1,0
2020-05-15,-0.012779077418211937,0,0
2020-05-18,-0.022106756257398663,0,1
2020-05-19,0.017602439240171908,1,0
2020-05-20,0.005266126179622299,1,0
2020-05-21,-0.006730164113579407,0,0
2020-05-22,-0.0052391303481820195,0,0
2020-05-26,0.015097838704986932,1,0
2020-05-27,0.018470318712563216,1,0
2020-05-28,-0.005331871241207375,0,0
2020-05-29,0.038206795914770275,1,0
2020-06-01,0.010096219925747274,1,0
2020-06-02,0.003874552285059174,1,0
2020-06-03,0.0247461870813821,1,0
2020-06-04,0.0012027502189300154,1,0
2020-06-05,-0.007713455109217615,0,0
2020-06-08,-0.02061147969386301,0,1
2020-06-09,0.022769411238868997,1,0
2020-06-10,-0.021912639286411406,0,1
2020-06-11,0.033231431404366685,1,0
2020-06-12,0.016207279798757135,1,0
2020-06-15,0.0019508985461273998,1,0
2020-06-16,-0.0014526450066135732,0,0
2020-06-17,0.025102838388268767,1,0
2020-06-18,0.0625039666380931,1,0
2020-06-19,-0.007531179648659125,0,0
2020-06-22,-0.014460257987779945,0,0
2020-06-23,0.004038445712832184,1,0
2020-06-24,-0.005758576550287331,0,0
2020-06-25,0.013825070915177928,1,0
2020-06-26,-0.010622044759793114,0,0
2020-06-29,-0.011055450290818003,0,0
2020-06-30,0.019658415489737013,1,0
2020-07-01,0.017215519613939856,1,0
2020-07-02,0.01565025929741881,1,0
2020-07-03,0.03574037204307534,1,0
2020-07-06,-0.015309474941181178,0,0
2020-07-07,-0.013957032943545777,0,0
2020-07-08,0.014599462992350931,1,0
2020-07-09,0.029491595004393245,1,0
2020-07-10,0.03032404932223165,1,0
2020-07-13,-0.009302472829845199,0,0
2020-07-14,-0.03808024079207206,0,1
2020-07-15,-0.000325313886466172,0,0
2020-07-16,0.03705104857271224,1,0
2020-07-17,0.004289405491002096,1,0
2020-07-20,0.026902454680031607,1,0
2020-07-21,0.016459189457470824,1,0
2020-07-22,0.02684625758347181,1,0
2020-07-23,0.042934135309569355,1,0
2020-07-24,0.004682740355509418,1,0
2020-07-27,0.009971260087583644,1,0
2020-07-28,-0.03721812247783329,0,1
2020-07-29,0.005818813335393802,1,0
2020-07-30,-0.019797518125046154,0,0
2020-07-31,-0.028107045687425725,0,1
2020-08-03,0.07048286281956084,1,0
2020-08-04,-0.011229419778203575,0,0
2020-08-05,0.003597518049594628,1,0
2020-08-06,0.005786975724433319,1,0
2020-08-07,-0.01239240438223621,0,0
2020-08-10,0.006580472502868195,1,0
2020-08-11,-0.002905555779832869,0,0
2020-08-12,-0.002608554604857316,0,0
2020-08-13,-0.0038876656691643197,0,0
2020-08-14,-0.010620690546405687,0,0
2020-08-17,0.013005868088252326,1,0
2020-08-18,0.00613628824296919,1,0
2020-08-19,-0.016185497629682355,0,0
2020-08-20,-0.00724812493402327,0,0
2020-08-21,0.006676617133883678,1,0
2020-08-24,-0.006513092129494358,0,0
2020-08-25,0.026511664459493822,1,0
2020-08-26,-0.012492341013873864,0,0
2020-08-27,0.002629501170685389,1,0
2020-08-28,-0.016752145228926096,0,0
2020-08-31,0.003148101546195159,1,0
2020-09-01,0.019619038832501934,1,0
2020-09-02,-0.007565096512692215,0,0
2020-09-03,-0.01650011966490761,0,0
2020-09-04,0.0025995213172660403,1,0
2020-09-07,0.01173988217263,1,0
2020-09-08,0.025746327087520893,1,0
2020-09-09,0.07062725515725976,1,0
2020-09-10,0.002484742542382845,1,0
2020-09-11,-0.007414648933348533,0,0
2020-09-14,0.007079244572048671,1,0
2020-09-15,0.002458084842241748,1,0
2020-09-16,-0.011099006925448074,0,0
2020-09-17,0.0030233795705569833,1,0
2020-09-18,-0.02162026696145014,0,1
2020-09-21,-0.019815100702743504,0,0
2020-09-22,0.008886695081111728,1,0
2020-09-23,-0.02223415076519819,0,1
2020-09-24,0.009398498920958787,1,0
2020-09-25,0.006608484600420184,1,0
2020-09-28,0.012994923052563001,1,0
2020-09-29,-0.004766001861489788,0,0
2020-09-30,-0.004072837790008332,0,0
2020-10-01,-0.005864419193334025,0,0
2020-10-05,-0.0008363063951306593,0,0
2020-10-06,0.021331579827075453,1,0
2020-10-07,-0.00808430710662833,0,0
2020-10-08,-0.002590092823989143,0,0
2020-10-09,0.0016118331964256605,1,0
2020-10-12,0.019512412741940377,1,0
2020-10-13,0.002981491556907301,1,0
2020-10-14,-0.03540989336040401,0,1
2020-10-15,-0.013913425802273949,0,0
2020-10-16,0.0001837825709858354,1,0
2020-10-19,-0.009328063506369721,0,0
2020-10-20,-0.01451829194513865,0,0
2020-10-21,-0.008307528248746698,0,0
2020-10-22,0.0028951516479123196,1,0
2020-10-23,-0.03972931922976075,0,1
2020-10-26,0.0026613407417859225,1,0
2020-10-27,-0.011329646915314684,0,0
2020-10-28,0.007681021335826932,1,0
2020-10-29,0.013616972501853564,1,0
2020-10-30,-0.08617667213662794,0,1
2020-11-02,-0.014407906294551798,0,0
2020-11-03,0.033938524581777596,1,0
2020-11-04,0.021848230344516217,1,0
2020-11-05,0.03792849995496961,1,0
2020-11-06,0.010620175093803974,1,0
2020-11-09,0.01650656543422402,1,0
2020-11-10,-0.04190358320498877,0,1
2020-11-11,-0.008611987800349774,0,0
2020-11-12,0.008282748560657804,1,0
2020-11-13,-0.06003292548576744,0,1
2021-01-28,-0.018438160366494705,0,0
2021-01-29,0.028963867444314673,1,0
2021-02-01,0.016092494150726555,1,0
2021-02-02,0.0025183697249602233,1,0
2021-02-03,-0.003289037063778144,0,0
2021-02-04,-0.00028587760418830044,0,0
2021-02-05,0.014399051638438909,1,0
2021-02-08,0.002408417757886694,1,0
2021-02-09,0.009278490985829446,1,0
2021-02-10,0.04122980562217826,1,0
2021-02-11,-0.006859104537189409,0,0
2021-02-12,0.01895580117157536,1,0
2021-02-19,-0.03470662872374797,0,1
2021-02-22,0.0076441368496595885,1,0
2021-02-23,0.01855736355584403,1,0
2021-02-24,0.04044154554720403,1,0
2021-02-25,-0.027304241123075723,0,1
2021-02-26,0.007622925401761682,1,0
2021-03-01,0.002045914129901405,1,0
2021-03-02,0.04563153895028771,1,0
2021-03-03,-0.0119203043352345,0,0
2021-03-04,0.0013096925326954167,1,0
2021-03-05,0.005691538676822372,1,0
2021-03-08,-2.283555083004707e-05,0,0
2021-03-09,-0.0041533260801028815,0,0
2021-03-10,-0.020325758521369197,0,1
2021-03-12,-0.013426237932464002,0,0
2021-03-15,-0.003935760751299422,0,0
2021-03-16,-0.021541468821019594,0,1
2021-03-17,-0.02250220047979612,0,1
2021-03-18,0.0362847739656893,1,0
2021-03-19,-0.009413985905066813,0,0
2021-03-22,0.012170276867405683,1,0
2021-03-23,-0.019257417760439766,0,0
2021-03-24,-0.02727982493396397,0,1
2021-03-25,0.0016067710644582789,1,0
2021-03-26,0.01737155384329503,1,0
2021-03-30,-0.012910957601005912,0,0
2021-03-31,0.009360558935828545,1,0
2021-04-01,-0.014466835540163925,0,0
2021-04-05,-0.004165475054045076,0,0
2021-04-06,0.009348313387702367,1,0
2021-04-07,0.0012482842674388372,1,0
2021-04-08,-0.01161902209671628,0,0
2021-04-09,-0.035770894777591655,0,1
2021-04-12,0.010804999071297727,1,0
2021-04-13,0.006470554963806219,1,0
2021-04-15,-0.0062746900386860816,0,0
2021-04-16,-0.015734262552855482,0,0
2021-04-19,-0.0002892039120109269,0,0
2021-04-20,0.0027614977940666474,1,0
2021-04-22,-0.0010752262564605042,0,0
2021-04-23,0.01759125259012362,1,0
2021-04-26,0.026214603617317644,1,0
2021-04-27,0.004349599132256188,1,0
2021-04-28,0.013393107111884017,1,0
2021-04-29,-0.014599366266869307,0,0
2021-04-30,-0.017773835660397697,0,0
2021-05-03,-0.0216687742120657,0,1
2021-05-04,0.007904719738515587,1,0
2021-05-07,-0.002873092101495889,0,0
2021-05-10,0.005762741088897183,1,0
2021-05-14,0.011897877984084815,1,0
2021-05-17,0.014079103096213519,1,0
2021-05-18,0.004577653102136425,1,0
2021-05-19,-0.005708553180424514,0,0
2021-05-24,-0.0048093317025728055,0,0
2021-05-27,0.06006773869067494,1,0
2021-05-28,0.05081628416149986,1,0
2021-06-02,0.0038159800214561113,1,0
2021-06-03,-0.0086664126067727,0,0
2021-06-04,0.01684527517274903,1,0
2021-06-07,-0.00574650256969178,0,0
2021-06-08,-0.017881323724166176,0,0
2021-06-09,0.0036781847316815774,1,0
2021-06-10,0.017345635619059552,1,0
2021-06-11,0.014345989814111615,1,0
2021-06-14,0.0022718704902957576,1,0
2021-06-15,-0.017066707809352044,0,0
2021-06-16,0.0018312864449094857,1,0
2021-06-17,0.004513283120461065,1,0
2021-06-18,0.005211958362217439,1,0
2021-06-21,-0.005140120151174377,0,0
2021-06-22,-0.00916548667910233,0,0
2021-06-23,-0.023510977916577636,0,1
2021-06-24,-0.02277695043853445,0,1
2021-06-25,-0.008767123778903874,0,0
2021-06-28,0.0008628895228790512,1,0
2021-06-29,0.01094454351950458,1,0
2021-06-30,-0.006016994689925559,0,0
2021-07-01,0.014823872769279545,1,0
2021-07-02,-0.008924134507824366,0,0
2021-07-07,-0.008269972151991323,0,0
2021-07-08,-0.01022644886820645,0,0
2021-07-09,0.006228219125567813,1,0
2021-07-12,0.007485279775280018,1,0
2021-07-13,-0.006524785333773209,0,0
2021-07-14,-0.001749617200578757,0,0
2021-07-15,0.014430793908196016,1,0
2021-07-16,-0.006367281706777805,0,0
2021-07-19,-0.002453663876747947,0,0
2021-07-20,0.012847498395148982,1,0
2021-07-22,-0.007073066130448558,0,0
2021-07-23,-0.013700873561564797,0,0
2021-07-26,-0.010520787446300583,0,0
2021-07-27,-0.008588826223914547,0,0
2021-07-28,0.007804212278383682,1,0
2021-07-29,-0.008742113684494623,0,0
2021-07-30,0.018277363490018628,1,0
2021-08-02,0.007358245797947083,1,0
2021-08-03,0.007663771069803094,1,0
2021-08-04,0.014497950593241216,1,0
2021-08-05,-0.021178433473305502,0,1
2021-08-06,-0.005696418918308854,0,0
2021-08-09,0.005247534760279393,1,0
2021-08-10,0.014008301473842577,1,0
2021-08-11,-0.0032115657355169525,0,0
2021-08-12,0.01665473483755253,1,0
2021-08-13,0.012979756029776413,1,0
2021-08-16,-0.004255708569989913,0,0
2021-08-17,0.003881245699733249,1,0
2021-08-18,-0.011230535833319455,0,0
2021-08-20,0.006563509169880577,1,0
2021-08-23,0.009873518870897602,1,0
2021-08-24,0.008654943376115387,1,0
2021-08-25,0.012644092441621124,1,0
2021-08-26,-0.0013674461184057796,0,0
2021-08-27,0.019237797815297553,1,0
2021-08-30,-0.005329788728122176,0,0
2021-08-31,0.003963335580176253,1,0
2021-09-01,0.01204190056408816,1,0
2021-09-02,0.04101283214069529,1,0
2021-09-03,0.015532844507936128,1,0
2021-09-06,0.006307645588253807,1,0
2021-09-07,-0.00391244722011197,0,0
2021-09-08,-0.0023649139617607506,0,0
2021-09-09,-0.022283266144153657,0,1
2021-09-13,-0.0013070550972421602,0,0
2021-09-14,0.0041587820387865015,1,0
2021-09-15,0.02098135641527321,1,0
2021-09-16,-0.015505431629486588,0,0
2021-09-17,0.0015898007421926152,1,0
2021-09-20,0.004322603724591589,1,0
2021-09-21,0.010729119954827171,1,0
2021-09-22,0.024439187242609073,1,0
2021-09-23,-0.002891554318962264,0,0
2021-09-24,0.016816132666186867,1,0
2021-09-27,0.00934887557473596,1,0
2021-09-28,-0.007927721905132579,0,0
2021-09-29,-0.003402142062594371,0,0
2021-09-30,0.001766414733338939,1,0
2021-10-01,0.012858067858482869,1,0
2021-10-04,0.020754016304354694,1,0
2021-10-05,-0.018913998404078147,0,0
2021-10-06,0.004902703988915347,1,0
2021-10-07,0.03842709614081996,1,0
2021-10-08,-0.006963068254050908,0,0
2021-10-11,0.005711361842591911,1,0
2021-10-12,0.010176950739658741,1,0
2021-10-13,0.002022285443575189,1,0
2021-10-14,0.0026661532577512137,1,0
2021-10-18,0.008956285859361035,1,0
2021-10-19,-0.011512242708952458,0,0
2021-10-20,-0.02884761256869739,0,1
2021-10-21,0.0018683960600891503,1,0
2021-10-22,-0.009743496684755382,0,0
2021-10-25,0.022772750971231437,1,0
2021-10-26,-0.012645413596645394,0,0
2021-10-27,-0.01096133118995013,0,0
2021-10-28,-0.02399354048785496,0,1
2021-10-29,0.0006109289871829571,1,0
2021-11-01,-0.01457953306751647,0,0
2021-11-02,-0.00687766759384123,0,0
2021-11-03,0.006140156969502986,1,0
2021-11-04,0.0012405770290262463,1,0
2021-11-08,0.00789389716291966,1,0
2021-11-09,0.01118287164130427,1,0
2021-11-10,0.0018237159814449289,1,0
2021-11-11,0.015090591979010304,1,0
2021-11-12,-0.0059003108555825134,0,0
2021-11-15,-0.023236746190568813,0,1
2021-11-16,-0.021406687565442506,0,1
2021-11-17,0.0037742601908579143,1,0
2021-11-18,-0.044292966508417964,0,1
2021-11-22,0.009349354652117947,1,0
2021-11-23,-0.014439191403473939,0,0
2021-11-24,0.06019812461773921,1,0
2021-11-25,-0.03223090379790439,0,1
2021-11-26,0.011978803947236383,1,0
2021-11-29,-0.014785886637672108,0,0
2021-11-30,0.025608965614220658,1,0
2021-12-01,0.006424882602693138,1,0
2021-12-02,-0.03004636930793836,0,1
2021-12-03,-0.018955524564994053,0,0
2021-12-06,0.008147764255906687,1,0
2021-12-07,0.015219206222292447,1,0
2021-12-08,0.015859768137884922,1,0
2021-12-09,0.0010176454788672906,1,0
2021-12-10,-0.020049211641515963,0,1
2021-12-13,-0.012242334992779491,0,0
2021-12-14,-0.0029200279014571784,0,0
2021-12-15,0.012935969308460304,1,0
2021-12-16,-0.02639452560645028,0,1
2021-12-17,-0.026960724477128606,0,1
2021-12-20,0.014885926165777885,1,0
2021-12-21,0.023731610273058923,1,0
2021-12-22,-0.0003591546095096376,0,0
2021-12-23,0.003192075112046888,1,0
2021-12-24,-0.0010747620717350692,0,0
2021-12-27,0.011876379224062816,1,0
2021-12-28,0.0017095578815642387,1,0
2021-12-29,-0.018064607322970994,0,0
2021-12-30,0.0038361805360622725,1,0
2021-12-31,0.015075077775077883,1,0
2022-01-03,0.022567968002737526,1,0
2022-01-04,0.004678466063111841,1,0
2022-01-05,-0.021501553099727788,0,1
2022-01-06,0.008069643053919107,1,0
2022-01-07,0.0008209508425256473,1,0
2022-01-10,0.0071985425151341875,1,0
2022-01-11,0.026694476774689058,1,0
2022-01-12,0.00563264341790104,1,0
2022-01-13,0.001459273905191072,1,0
2022-01-14,0.005218641127928025,1,0
2022-01-17,-0.011930676852782485,0,0
2022-01-18,-7.919507028320005e-05,0,0
2022-01-19,-0.017508840943395998,0,0
2022-01-20,0.00016144313627886042,1,0
2022-01-21,-0.04033719200637398,0,1
2022-01-24,-0.0019556300701415452,0,0
2022-01-25,-0.014810893854938945,0,0
2022-01-27,-0.0009624139818729116,0,0
2022-01-28,0.02172657866097305,1,0
2022-01-31,-0.003310103545902221,0,0
2022-02-01,0.00203881868167044,1,0
2022-02-02,-0.012921864203110589,0,0
2022-02-03,-0.009116990185826901,0,0
2022-02-04,-0.006090986759277328,0,0
2022-02-07,0.01680976845333748,1,0
2022-02-08,0.011650990772919645,1,0
2022-02-09,-0.0010278725334027516,0,0
2022-02-10,-0.0019529297851957894,0,0
2022-02-11,-0.01592745333364487,0,0
2022-02-14,0.033952533505994476,1,0
2022-02-15,-0.0020678098047468563,0,0
2022-02-16,0.012660876061137305,1,0
2022-02-17,-0.0078166785000916,0,0
2022-02-18,-0.010105544475646044,0,0
2022-02-21,-0.004541820982489675,0,0
2022-02-22,-0.006257843598698409,0,0
2022-02-23,-0.04983057739917163,0,1
2022-02-24,0.012501438255039243,1,0
2022-02-25,0.033100554769635915,1,0
2022-02-28,0.01652859332877732,1,0
2022-03-02,-0.00844264001782602,0,0
2022-03-03,-0.022179649974530258,0,1
2022-03-04,-0.03698048455020608,0,1
2022-03-07,-0.001808491600668316,0,0
2022-03-08,0.05305306898336681,1,0
2022-03-09,0.01620575868408536,1,0
2022-03-10,0.00288430317619226,1,0
2022-03-11,0.008211018836554285,1,0
2022-03-14,-0.022903247875742716,0,1
2022-03-15,0.016882201480491243,1,0
2022-03-16,0.03260029343426529,1,0
2022-03-17,-0.005762141717821301,0,0
2022-03-21,0.02583692671082849,1,0
2022-03-22,0.0031801652075913456,1,0
2022-03-23,0.015536340267409576,1,0
2022-03-24,0.006670239150514012,1,0
2022-03-25,0.010054622432003946,1,0
2022-03-28,0.00022881857965750818,1,0
2022-03-29,0.01921800795173345,1,0
2022-03-30,-0.01429146604820164,0,0
2022-03-31,0.00800830874691405,1,0
2022-04-01,0.002955751308934218,1,0
2022-04-04,-0.014134381448801414,0,0
2022-04-05,-0.0026654848804472664,0,0
2022-04-06,-0.0176400817002611,0,0
2022-04-07,0.016635144046414974,1,0
2022-04-08,-0.0020834932618777335,0,0
2022-04-11,-0.018829930090292546,0,0
2022-04-12,-0.0036703845837322557,0,0
2022-04-13,-0.003057017678671392,0,0
2022-04-18,0.0381116400936381,1,0
2022-04-19,0.02940406218712277,1,0
2022-04-20,0.023413993430280833,1,0
2022-04-21,-0.008374961104142487,0,0
2022-04-22,-0.023125959726791323,0,1
2022-04-25,0.02992568756776115,1,0
2022-04-26,0.0009728597473963596,1,0
2022-04-27,0.014936863409045209,1,0
2022-04-28,-0.010496917562723973,0,0
2022-04-29,-0.0035124251932543427,0,0
2022-05-02,-0.03121793609790635,0,1
2022-05-04,-0.01958314268221384,0,0
2022-05-05,-0.007667672939029702,0,0
2022-05-06,-0.03905523660017152,0,1
2022-05-09,-0.017333254277928423,0,0
2022-05-10,-0.010243852392508468,0,0
2022-05-11,-0.020373042699946664,0,1
2022-05-12,0.011336025385220383,1,0
2022-05-13,0.0002473503963271728,1,0
2022-05-16,0.04200296946949633,1,0
2022-05-17,0.003637714885037724,1,0
2022-05-18,-0.0230464929626083,0,1
2022-05-19,0.0583101003413109,1,0
2022-05-20,-0.006687132548402808,0,0
2022-05-23,0.0034330704786438293,1,0
2022-05-24,-0.0014717281172914598,0,0
2022-05-25,-0.009533073588687158,0,0
2022-05-26,-0.004638227718207988,0,0
2022-05-27,0.034833573589056366,1,0
2022-05-30,-0.012064668955885205,0,0
2022-05-31,0.00032289335377155837,1,0
2022-06-01,0.03447887312412079,1,0
2022-06-02,0.020262008802746978,1,0
2022-06-03,-0.004299321939002176,0,0
2022-06-06,0.001878861767953044,1,0
2022-06-07,-0.017563714649198148,0,0
2022-06-08,0.027422335669952558,1,0
2022-06-09,-0.030191987605799997,0,1
2022-06-10,-0.018918759505305083,0,0
2022-06-13,-0.013068503801605735,0,0
2022-06-14,-0.012099827628784143,0,0
2022-06-15,-0.013981535673703749,0,0
2022-06-16,0.011718633614985041,1,0
2022-06-17,-0.018127129037007972,0,0
2022-06-20,0.01614192968695094,1,0
2022-06-21,-0.03037820162214544,0,1
2022-06-22,-0.016223784859220713,0,0
2022-06-23,0.014239898899057746,1,0
2022-06-24,-0.002960021863001594,0,0
2022-06-27,0.01406132548368988,1,0
2022-06-28,0.02075004472980524,1,0
2022-06-29,0.006007538384222855,1,0
2022-06-30,-0.07202442202758896,0,1
2022-07-01,0.0020757506315312035,1,0
2022-07-04,0.008099661897152277,1,0
2022-07-05,-0.008794988444961183,0,0
2022-07-06,-0.009847135235599769,0,0
2022-07-07,0.0013819644887607119,1,0
2022-07-08,0.01359038051036765,1,0
2022-07-11,-0.0014233763518933795,0,0
2022-07-12,-0.017723974913045892,0,0
2022-07-13,0.008243672909341804,1,0
2022-07-14,0.0019400385848995505,1,0
2022-07-15,0.008514367202130169,1,0
2022-07-18,0.006130773894624131,1,0
2022-07-19,0.02704022015437957,1,0
2022-07-20,-0.006672201350505946,0,0
2022-07-21,0.006757235776200243,1,0
2022-07-22,-0.033039019792810764,0,1
2022-07-25,0.00045454449285720067,1,0
2022-07-26,-0.0009499692859959996,0,0
2022-07-27,0.015666503193082493,1,0
2022-07-28,0.0213054489245319,1,0
2022-07-29,0.026061504135886704,1,0
2022-08-01,0.0038060496311551617,1,0
2022-08-02,0.008395764015151075,1,0
2022-08-03,-0.013217722212743088,0,0
2022-08-04,-0.01473634350638664,0,0
2022-08-05,0.013082131839622368,1,0
2022-08-08,0.005979482210058729,1,0
2022-08-10,0.003330042740140593,1,0
2022-08-11,0.01617076844071641,1,0
2022-08-12,0.0069501902350739275,1,0
2022-08-16,0.005223882948751202,1,0
2022-08-17,0.0018136191329032325,1,0
2022-08-18,-0.017829799557843584,0,0
2022-08-19,-0.0027736384407561765,0,0
2022-08-22,0.015422507573046751,1,0
2022-08-23,-0.002663797945571811,0,0
2022-08-24,-0.0029166835008628267,0,0
2022-08-25,-0.005338262991564591,0,0
2022-08-26,-0.007773106678349628,0,0
2022-08-29,0.015514013317729614,1,0
2022-08-30,-0.02939764218833718,0,1
2022-09-01,-0.01167796225691331,0,0
2022-09-02,0.015530560513620673,1,0
2022-09-05,0.01052598786850889,1,0
2022-09-06,-0.005814594635638937,0,0
2022-09-07,0.0014136869999585855,1,0
2022-09-08,-0.006227194187148566,0,0
2022-09-09,0.011189684804046696,1,0
2022-09-12,0.008352389436258267,1,0
2022-09-13,-0.011985810591931823,0,0
2022-09-14,-0.009909705323294493,0,0
2022-09-15,-0.02477865790358935,0,1
2022-09-16,0.001300434427652375,1,0
2022-09-19,0.00015984725086881646,1,0
2022-09-20,0.002757004891896564,1,0
2022-09-21,-0.009423357243887431,0,0
2022-09-22,-0.01874418782570053,0,0
2022-09-23,-0.02547655949056571,0,1
2022-09-26,0.007950080626297318,1,0
2022-09-27,-0.026624964797511752,0,1
2022-09-28,-0.0030655351429695887,0,0
2022-09-29,0.0225563032437055,1,0
2022-09-30,-0.0034695675349981636,0,0
2022-10-03,0.0184425611518948,1,0
2022-10-04,0.003687999823665411,1,0
2022-10-06,0.004232009881936172,1,0
2022-10-07,-0.010915262226835476,0,0
2022-10-10,-0.019910502900269744,0,0
2022-10-11,0.007358265881043602,1,0
2022-10-12,0.003178817714155624,1,0
2022-10-13,-0.005078154330704354,0,0
2022-10-14,0.016050148242730877,1,0
2022-10-17,0.017644072495910823,1,0
2022-10-18,0.01739909126547179,1,0
2022-10-19,0.0026866477452669457,1,0
2022-10-20,-0.011597337718543876,0,0
2022-10-21,0.0033380411477619276,1,0
2022-10-24,-0.015444452111831208,0,0
2022-10-25,0.003931803985476545,1,0
2022-10-27,0.030598027242548786,1,0
2022-10-28,0.009282847150993367,1,0
2022-10-31,-0.007746356810989341,0,0
2022-11-01,0.006245422573760928,1,0
2022-11-02,0.0037318681787188446,1,0
2022-11-03,0.014715422075225248,1,0
2022-11-04,0.005341780160283527,1,0
2022-11-07,-0.0009975438098897005,0,0
2022-11-09,-0.01209657992605706,0,0
2022-11-10,0.023051412718534392,1,0
2022-11-11,-0.004844417528178324,0,0
2022-11-14,-0.004486532095321238,0,0
2022-11-15,-0.005733795836931788,0,0
2022-11-16,0.002584512469650857,1,0
2022-11-17,-0.0005388264622192551,0,0
2022-11-18,-0.017996867681898454,0,0
2022-11-21,0.005546946209755266,1,0
2022-11-22,-0.003118818839136228,0,0
2022-11-23,0.008623309810790403,1,0
2022-11-24,0.014927607167442902,1,0
2022-11-25,0.03436356674345764,1,0
2022-11-28,0.0017173995223547234,1,0
2022-11-29,0.007060674714208792,1,0
2022-11-30,-0.0029472215711636718,0,0
2022-12-01,-0.0004224030253605626,0,0
2022-12-02,-0.014583997009362304,0,0
2022-12-05,0.002889182635420484,1,0
2022-12-06,-0.014757301409043633,0,0
2022-12-07,-0.00047160794490630487,0,0
2022-12-08,-0.01515525939876039,0,0
2022-12-09,0.001533133075333204,1,0
2022-12-12,0.004554011770090405,1,0
2022-12-13,-0.003619058827743382,0,0
2022-12-14,-0.014203732512513945,0,0
2022-12-15,-0.004945155988299255,0,0
2022-12-16,0.013135413838413879,1,0
2022-12-19,0.008656154583372544,1,0
2022-12-20,-0.014226880243719542,0,0
2022-12-21,-0.0025923627994067777,0,0
2022-12-22,-0.02932731753745743,0,1
2022-12-23,0.016885162493063044,1,0
2022-12-28,-0.0004519882573852385,0,0
2022-12-29,0.0015333988789087982,1,0
2022-12-30,0.011267363804524422,1,0
2023-01-02,-0.007317890964801288,0,0
2023-01-03,-0.015056437608598983,0,0
2023-01-04,-0.001786759229847168,0,0
2023-01-05,0.009088914755346567,1,0
2023-01-06,0.023611461150562674,1,0
2023-01-09,-0.014787377906370525,0,0
2023-01-10,-0.012605461151948494,0,0
2023-01-11,-0.021594290979877973,0,1
2023-01-12,-0.0016182070465916576,0,0
2023-01-13,-0.009523464256063208,0,0
2023-01-16,0.014197498093249994,1,0
2023-01-17,-0.0016540392012276417,0,0
2023-01-18,-0.0010709035875215989,0,0
2023-01-19,-0.011892981316416362,0,0
2023-01-20,-0.005055901302858823,0,0
2023-01-23,-0.005904667535946206,0,0
2023-01-24,-0.013824959093888589,0,0
2023-01-25,-0.018971058736642066,0,0
2023-01-27,0.009583505639972678,1,0
2023-01-30,-0.0025003540545968095,0,0
2023-01-31,-0.005926277275044578,0,0
2023-02-01,-0.005534515406138696,0,0
2023-02-02,0.0008808730594960235,1,0
2023-02-03,-0.0075355058330414115,0,0
2023-02-06,-0.0024010473071055527,0,0
2023-02-07,0.01997063436687796,1,0
2023-02-08,0.0017431339471822849,1,0
2023-02-09,-0.008234036648270271,0,0
2023-02-10,-0.005691789162710181,0,0
2023-02-13,0.023565001911900918,1,0
2023-02-14,0.022644042844642387,1,0
2023-02-15,-0.0007812022760469439,0,0
2023-02-16,0.00417681842558193,1,0
2023-02-17,-0.010572776364152547,0,0
2023-02-20,0.008159435902719725,1,0
2023-02-21,-0.022678004105193383,0,1
2023-02-22,-0.004792078452089177,0,0
2023-02-23,0.006842544098336845,1,0
2023-02-24,-0.006649193642000895,0,0
2023-02-27,-0.019131263099029794,0,0
2023-02-28,0.009192547043646693,1,0
2023-03-01,-0.007615625797998349,0,0
2023-03-02,0.025515475526389553,1,0
2023-03-03,0.009767624880679282,1,0
2023-03-06,0.003591278190557823,1,0
2023-03-08,-0.024034583163811796,0,1
2023-03-09,-0.015492317038246606,0,0
2023-03-10,-0.016446257477411574,0,0
2023-03-13,-0.003742777531810626,0,0
2023-03-14,-0.017091679584684494,0,0
2023-03-15,-0.004984318888809902,0,0
2023-03-16,-0.0012578281609042508,0,0
2023-03-17,-0.009828660354258334,0,0
2023-03-20,0.03109591725166605,1,0
2023-03-21,0.003040093968908142,1,0
2023-03-22,-0.01265039789663902,0,0
2023-03-23,-0.019797108530037244,0,0
2023-03-24,0.015544739218090298,1,0
2023-03-27,0.004670385726436743,1,0
2023-03-28,-0.005916304855779764,0,0
2023-03-29,0.04311538577591634,1,0
2023-03-31,0.00017148541054456956,1,0
2023-04-03,-0.0024018820523238338,0,0
2023-04-05,0.006707157481502746,1,0
2023-04-06,-0.007089624803590211,0,0
2023-04-10,0.0049465897037950235,1,0
2023-04-11,0.004408492223219707,1,0
2023-04-12,0.0037715260032664677,1,0
2023-04-13,0.005073142113671603,1,0
2023-04-17,-0.011446882186428642,0,0
2023-04-18,0.004977879852029687,1,0
2023-04-19,-0.0025298377278542006,0,0
2023-04-20,0.0012575349612353737,1,0
2023-04-21,0.0038313391903421756,1,0
2023-04-24,0.007654850656358736,1,0
2023-04-25,-0.005871019378875131,0,0
2023-04-26,0.0063289973141367195,1,0
2023-04-27,0.01827888195690197,1,0
2023-04-28,0.008490036338145712,1,0
2023-05-02,-0.008582320292536694,0,0
2023-05-03,0.011528424551509264,1,0
2023-05-04,-0.0025530981871192404,0,0
2023-05-05,0.012347740883046576,1,0
2023-05-08,0.0030947383796247063,1,0
2023-05-09,0.006876347522725146,1,0
2023-05-10,-0.006528956993847701,0,0
2023-05-11,0.0016327848909072351,1,0
2023-05-12,0.001972368032196359,1,0
2023-05-15,-0.014241193644684236,0,0
2023-05-16,-0.005909209148014072,0,0
2023-05-17,-0.002152185340360102,0,0
2023-05-18,0.0032455051475459573,1,0
2023-05-19,0.005344151450114465,1,0
2023-05-22,-0.00018329017351292887,0,0
2023-05-23,-0.005825974844694715,0,0
2023-05-24,-0.00012285865672989615,0,0
2023-05-25,0.027275110479028086,1,0
2023-05-26,0.0056253770677836545,1,0
2023-05-29,-0.000257814777295029,0,0
2023-05-30,-0.019861547931480983,0,0
2023-05-31,-0.0026925230088082897,0,0
2023-06-01,-0.0032679973790584738,0,0
2023-06-02,0.008981034458045212,1,0
2023-06-05,0.0008475992477881,1,0
2023-06-06,0.007582817711913936,1,0
2023-06-07,0.0006003782286057024,1,0
2023-06-08,-0.007081029081903667,0,0
2023-06-09,0.0008863672623622421,1,0
2023-06-12,0.01477372771755836,1,0
2023-06-13,0.012297365328322707,1,0
2023-06-14,0.0002743438014196631,1,0
2023-06-15,0.009735376097337323,1,0
2023-06-16,-0.009932419150110228,0,0
2023-06-19,0.0020768840843281566,1,0
2023-06-20,0.0028156531446468236,1,0
2023-06-21,-0.011231094769047267,0,0
2023-06-22,-0.008183684780384892,0,0
2023-06-23,-0.0076350319893429,0,0
2023-06-26,0.0003607314484084245,1,0
2023-06-27,0.013238729727606646,1,0
2023-06-28,0.008203202371324547,1,0
2023-06-30,0.025664181521793505,1,0
2023-07-03,-0.010303175395952602,0,0
2023-07-04,-0.0016417977358321734,0,0
2023-07-05,0.02099055076483536,1,0
2023-07-06,-0.0019517418565604405,0,0
2023-07-07,0.038521372875379045,1,0
2023-07-10,0.010840710246317276,1,0
2023-07-11,0.0011032572616365144,1,0
2023-07-12,-0.008942123703907456,0,0
2023-07-13,-0.0008386407418978781,0,0
2023-07-14,0.02043284228289588,1,0
2023-07-17,0.008492033447503822,1,0
2023-07-18,0.00758748394708042,1,0
2023-07-19,-0.0012109434118864337,0,0
2023-07-20,-0.030956057036913398,0,1
2023-07-21,-0.020226502605910968,0,1
2023-07-24,-0.0006431705396791054,0,0
2023-07-25,0.01625210396861787,1,0
2023-07-26,-0.009302386300159449,0,0
2023-07-27,0.010049183326137134,1,0
2023-07-28,0.008465684135275486,1,0
2023-07-31,-0.01414133966838993,0,0
2023-08-01,-0.010683624707158557,0,0
2023-08-02,-0.004203017356581795,0,0
2023-08-03,0.01359114887821189,1,0
2023-08-04,0.005698217102555692,1,0
2023-08-07,-0.006022760006429206,0,0
2023-08-08,0.006597344160514718,1,0
2023-08-09,0.004454929300863997,1,0
2023-08-10,0.004218539775034058,1,0
2023-08-11,0.01181715648795878,1,0
2023-08-14,-0.0008148037399577923,0,0
2023-08-16,-0.014426343791720031,0,0
2023-08-17,0.0074074645788466675,1,0
2023-08-18,-0.010911472024133229,0,0
2023-08-21,-0.00023806423577066305,0,0
2023-08-22,0.001111361741774175,1,0
2023-08-23,-0.016810621491419542,0,0
2023-08-24,-0.004617270704782461,0,0
2023-08-25,-0.00996637401085021,0,0
2023-08-28,-0.00957531341980633,0,0
2023-08-29,-0.0009502200267752503,0,0
2023-08-30,-0.00456984945717076,0,0
2023-08-31,0.0023471513292072643,1,0
2023-09-01,-0.0008081347244870418,0,0
2023-09-04,0.005351265864950383,1,0
2023-09-05,0.0021042372242012775,1,0
2023-09-06,0.001358676300331041,1,0
2023-09-07,0.006661231207662377,1,0
2023-09-08,0.010783441020392859,1,0
2023-09-11,-0.014446761148519838,0,0
2023-09-12,0.00500238133857267,1,0
2023-09-13,0.0009178543076400203,1,0
2023-09-14,0.0018546718796894623,1,0
2023-09-15,-0.008706701603786726,0,0
2023-09-18,-0.0222865601180271,0,1
2023-09-20,-0.0072833557185788544,0,0
2023-09-21,-0.004165271799526971,0,0
2023-09-22,-0.0061572107428239375,0,0
2023-09-25,0.0008759265877027467,1,0
2023-09-26,0.011270018876538002,1,0
2023-09-27,-0.014690325779737057,0,0
2023-09-28,0.004669850049054958,1,0
2023-09-29,-0.011449981929621433,0,0
2023-10-03,-0.0017255378969222024,0,0
2023-10-04,-2.146103066547056e-05,0,0
2023-10-05,0.001685207544365408,1,0
2023-10-06,-0.00852026804116024,0,0
2023-10-09,0.0044164020219183975,1,0
2023-10-10,0.01587683523392247,1,0
2023-10-11,0.0018549401993832593,1,0
2023-10-12,-4.2488402716811535e-05,0,0
2023-10-13,-0.002234732526769645,0,0
2023-10-16,0.004777994745344127,1,0
2023-10-17,-0.013268146241462997,0,0
2023-10-18,-0.0076807851937111815,0,0
2023-10-19,-0.0030569663733699404,0,0
2023-10-20,-0.01561488436635139,0,0
2023-10-23,-0.00231964049993838,0,0
2023-10-25,-0.013928754409159971,0,0
2023-10-26,0.01765116618703466,1,0
2023-10-27,0.020610826539901428,1,0
2023-10-30,-0.010637840928906295,0,0
2023-10-31,0.004152242408533846,1,0
2023-11-01,0.009924260243279637,1,0
2023-11-02,-0.00021554159244552284,0,0
2023-11-03,0.008320058796743801,1,0
2023-11-06,-0.0064984673137140625,0,0
2023-11-07,0.005206983744271199,1,0
2023-11-08,-0.010852309749265876,0,0
2023-11-09,0.001882637219176475,1,0
2023-11-10,-0.00012947161385568062,0,0
2023-11-13,0.01808076231826261,1,0
2023-11-15,0.0018035002584666504,1,0
2023-11-16,-0.0021814467130196746,0,0
2023-11-17,-0.002632123295775446,0,0
2023-11-20,0.01257788610447208,1,0
2023-11-21,0.00390938015463238,1,0
2023-11-22,0.003056745698208463,1,0
2023-11-23,-0.0006679695304399047,0,0
2023-11-24,0.00020890580732335629,1,0
2023-11-28,0.0026311061615269526,1,0
2023-11-29,-0.009684649125605738,0,0
2023-11-30,0.007087403129556913,1,0
2023-12-01,0.010817428254289219,1,0
2023-12-04,0.007251440757797489,1,0
2023-12-05,0.009578506974475154,1,0
2023-12-06,-0.0016456924211707413,0,0
2023-12-07,-0.000529054398477391,0,0
2023-12-08,0.0014659575872411068,1,0
2023-12-11,-0.014353392074680338,0,0
2023-12-12,0.004084051943815892,1,0
2023-12-13,0.01240778923904351,1,0
2023-12-14,0.012763098206618473,1,0
2023-12-15,0.010177940445994071,1,0
2023-12-18,0.01471629453994594,1,0
2023-12-19,-0.01209876128234122,0,0
2023-12-20,0.014007907416855092,1,0
2023-12-21,0.000975592165063377,1,0
2023-12-22,0.0050680770292224064,1,0
2023-12-26,0.003413499193204217,1,0
2023-12-27,0.0072288185358513335,1,0
2023-12-28,-0.007906276676915236,0,0
2023-12-29,-0.0006382271184298682,0,0
2024-01-03,0.00516770928223087,1,0
2024-01-04,0.004255531729745909,1,0
2024-01-05,-0.007803774673302177,0,0
2024-01-08,-0.0026474699391405565,0,0
2024-01-09,0.026971545945415842,1,0
2024-01-10,0.026300947772074146,1,0
2024-01-11,0.007959984588772118,1,0
2024-01-12,0.017071378478887178,1,0
2024-01-15,-0.013987394667187236,0,0
2024-01-16,-0.009493520433240699,0,0
2024-01-17,0.004682103398794046,1,0
2024-01-18,-0.00036549294992371806,0,0
2024-01-19,-0.02842879948539434,0,1
2024-01-23,0.011516085966515988,1,0
2024-01-24,0.006845841248886986,1,0
2024-01-25,0.07019211375715795,1,0
2024-01-29,-0.027916969077676157,0,1
2024-01-30,0.013497969345249272,1,0
2024-01-31,1.7492727528489738e-05,1,0
2024-02-01,0.02176420943174051,1,0
2024-02-02,-0.012811220568737403,0,0
2024-02-05,-0.00780046335748219,0,0
2024-02-06,0.010050474311781965,1,0
2024-02-07,0.0055299601544409605,1,0
2024-02-08,0.007326880489601395,1,0
2024-02-09,-0.005750398600255946,0,0
2024-02-12,0.00877883789938716,1,0
2024-02-13,0.011108443676987934,1,0
2024-02-14,-0.007273645854000144,0,0
2024-02-15,-0.006816925896236836,0,0
2024-02-16,0.00487825714783563,1,0
2024-02-21,0.009572704278647315,1,0
2024-02-22,0.008014268636497013,1,0
2024-02-23,-0.004217955695542952,0,0
2024-02-26,-0.0011261746733632894,0,0
2024-02-27,-0.02021001000629752,0,1
2024-02-28,0.0035552200643791387,1,0
2024-02-29,0.021443669898941753,1,0
2024-03-01,0.010237097069856427,1,0
2024-03-04,-0.004776469739736444,0,0
2024-03-05,0.0018664767112457348,1,0
2024-03-06,-0.01601793214046021,0,0
2024-03-07,-0.008333895107949685,0,0
2024-03-11,0.006017490355673338,1,0
2024-03-12,-0.029313646378533842,0,1
2024-03-13,-0.0004887609143089389,0,0
2024-03-14,-0.009256217833324754,0,0
2024-03-15,0.014983453782571932,1,0
2024-03-18,-0.009882018608837861,0,0
2024-03-19,0.012980077364711073,1,0
2024-03-20,0.005004419288239914,1,0
2024-03-21,0.002791203630148509,1,0
2024-03-22,-0.009243784098813213,0,0
2024-03-26,0.035568758625128316,1,0
2024-03-27,-0.004689041202339594,0,0
2024-03-28,-0.0007234527913171362,0,0
2024-04-01,0.0014647607470079649,1,0
2024-04-02,-0.010323074649119857,0,0
2024-04-03,-0.005894875971114488,0,0
2024-04-04,-0.001931177032471365,0,0
2024-04-05,0.017721365828398783,1,0
2024-04-08,-0.015023706655197921,0,0
2024-04-09,0.010880322529483566,1,0
2024-04-10,-0.008397700983963752,0,0
2024-04-12,-0.0015847512239508532,0,0
2024-04-15,0.0006315330845154676,1,0
2024-04-16,-0.0009723247352214637,0,0
2024-04-18,0.00396100065022531,1,0
2024-04-19,0.006615006249704791,1,0
2024-04-22,-0.013869540531815439,0,0
2024-04-23,-0.006270051589257086,0,0
2024-04-24,0.0067577197645412035,1,0
2024-04-25,-0.0050855490745458365,0,0
2024-04-26,0.008588217363141082,1,0
2024-04-29,0.001348064844735486,1,0
2024-04-30,-0.0003066243147270553,0,0
2024-05-02,-0.022195003295895632,0,1
2024-05-03,-0.010094119657954703,0,0
2024-05-06,-0.012715546989404691,0,0
2024-05-07,0.01218370953242398,1,0
2024-05-08,-0.01721833483637203,0,0
2024-05-09,0.009540001855627978,1,0
2024-05-10,-0.003357196352184899,0,0
2024-05-13,0.012386650059300619,1,0
2024-05-14,-0.0026756828141404343,0,0
2024-05-15,0.006407516477841657,1,0
2024-05-16,0.007261468961419659,1,0
2024-05-17,0.00029601295504133596,1,0
2024-05-21,0.017077215786275746,1,0
2024-05-22,0.01738947961730397,1,0
2024-05-23,-0.0039030100181525196,0,0
2024-05-24,-0.009457826453420637,0,0
2024-05-27,-0.006854253936252164,0,0
2024-05-28,-0.01059255978193685,0,0
2024-05-29,-0.011053153643843294,0,0
2024-05-30,0.003895159819125249,1,0
2024-05-31,0.055875984996647254,1,0
2024-06-03,-0.07485139657931561,0,1
2024-06-04,0.016800491172215715,1,0
2024-06-05,0.007636802494169315,1,0
2024-06-06,0.02678814369268001,1,0
2024-06-07,0.000986523838947706,1,0
2024-06-10,-0.010007403811325588,0,0
2024-06-11,0.00456513344663545,1,0
2024-06-12,0.0013155228658845441,1,0
2024-06-13,0.008394474272240382,1,0
2024-06-14,0.00235186640515872,1,0
2024-06-18,-0.015107785783289307,0,0
2024-06-19,0.010317798632475172,1,0
2024-06-20,-0.013232120851392026,0,0
2024-06-21,-0.00875050909627828,0,0
2024-06-24,0.008793131420791411,1,0
2024-06-25,0.04117521720062789,1,0
2024-06-26,0.010914635166324516,1,0
2024-06-27,0.02276964031814055,1,0
2024-06-28,-0.0033538119265674737,0,0
2024-07-01,0.0032208997154759,1,0
2024-07-02,-0.008146097436494082,0,0
2024-07-03,0.0010306439714371507,1,0
2024-07-04,0.022264699061864013,1,0
2024-07-05,0.007726916342910117,1,0
2024-07-08,-0.006636901459187605,0,0
2024-07-09,-0.0038044474248314364,0,0
2024-07-10,-0.00225658996090794,0,0
2024-07-11,0.010169844699170483,1,0
2024-07-12,0.00031320333898898767,1,0
2024-07-15,-0.013132167320425991,0,0
2024-07-16,0.006613799016347954,1,0
2024-07-18,-0.019868625820602004,0,0
2024-07-19,-0.03502871428132237,0,1
2024-07-22,-0.00851293392648711,0,0
2024-07-23,0.005242269383863185,1,0
2024-07-24,-0.002206285323713364,0,0
2024-07-25,0.011139841643223125,1,0
2024-07-26,0.007339147452146255,1,0
2024-07-29,-0.004572149249866597,0,0
2024-07-30,-0.005105232502031765,0,0
2024-07-31,0.006559767421802309,1,0
2024-08-01,-0.010542641524017071,0,0
2024-08-02,-0.03468226286875775,0,1
2024-08-05,0.006028488266833332,1,0
2024-08-06,0.006026472118986215,1,0
2024-08-07,-0.010717929475600685,0,0
2024-08-08,0.01737253384121451,1,0
2024-08-09,-0.009275609047294853,0,0
2024-08-12,0.0020539860685206968,1,0
2024-08-13,-0.0012127812353841527,0,0
2024-08-14,0.011184437538394487,1,0
2024-08-16,0.01031765320610134,1,0
2024-08-19,0.005072557760318563,1,0
2024-08-20,0.001821661683359288,1,0
2024-08-21,-0.0003670710938989963,0,0
2024-08-22,0.001234922923336823,1,0
2024-08-23,0.008416849393318548,1,0
2024-08-26,-0.008032559047420396,0,0
2024-08-27,-0.0014328214668017925,0,0
2024-08-28,0.015100356775882062,1,0
2024-08-29,-0.00742968766443719,0,0
2024-08-30,0.0043885623013462105,1,0
2024-09-02,-0.004699153561198988,0,0
2024-09-03,0.0035947909186186955,1,0
2024-09-04,-0.014245144871990911,0,0
2024-09-05,-0.01885502353919355,0,0
2024-09-06,-0.0016213190723826099,0,0
2024-09-09,-0.000632439605469437,0,0
2024-09-10,-0.006859303158420094,0,0
2024-09-11,0.01949701752838262,1,0
2024-09-12,-0.004848599618861527,0,0
2024-09-13,-0.000865769811079109,0,0
2024-09-16,0.0006456850273792725,1,0
2024-09-17,-0.006011131632325806,0,0
2024-09-18,0.00425376716261705,1,0
2024-09-19,0.011056847089535138,1,0
2024-09-20,0.005013723772059109,1,0
2024-09-23,-0.0026785427929117978,0,0
2024-09-24,0.0030717162285438526,1,0
2024-09-25,0.00267751209611089,1,0
2024-09-26,0.01884245948180774,1,0
2024-09-27,-0.03249960872518631,0,1
2024-09-30,-0.007957616967555259,0,0
2024-10-01,-0.03949272356471989,0,1
2024-10-03,-0.01453472549048096,0,0
2024-10-04,-0.011395449244047784,0,0
2024-10-07,0.01942398145450097,1,0
2024-10-08,-0.016280702929224233,0,0
2024-10-09,-0.0025826049780599547,0,0
2024-10-10,0.0007658406340240731,1,0
2024-10-11,0.0003097629900348231,1,0
2024-10-14,-0.020764648005787145,0,1
2024-10-15,0.0074775675264426855,1,0
2024-10-16,0.0017354682945600608,1,0
2024-10-17,0.0021195106263276475,1,0
2024-10-18,0.007283213726322124,1,0
2024-10-21,-0.018879719896252367,0,0
2024-10-22,-0.003591769396453004,0,0
2024-10-23,0.000952690898761821,1,0
2024-10-24,-0.008919403815719762,0,0
2024-10-25,0.004895123245520772,1,0
2024-10-28,0.004234317022260736,1,0
2024-10-29,0.0029105164135998507,1,0
2024-10-30,-0.008817616322833066,0,0
2024-10-31,0.004954743276563756,1,0
2024-11-01,-0.027266285564600312,0,1
2024-11-04,0.0024190894752966763,1,0
2024-11-05,0.015360425692149793,1,0
2024-11-06,-0.014863938756113138,0,0
2024-11-07,-0.016773373309542983,0,0
2024-11-08,-0.008607638448302146,0,0
2024-11-11,0.0012179914460044294,1,0
2024-11-12,-0.017421984911027644,0,0
2024-11-13,0.012419639147505102,1,0
2024-11-14,-0.0054039379248916886,0,0
2024-11-18,-0.015149758756049403,0,0
2024-11-19,-0.015020268219358646,0,0
2024-11-21,0.034668759346967004,1,0
2024-11-22,0.01706968522489305,1,0
2024-11-25,0.006759985546502145,1,0
2024-11-26,-0.0019294922389845315,0,0
2024-11-27,-0.01732131069906484,0,0
2024-11-28,0.016839707555085237,1,0
2024-11-29,0.013117305492189812,1,0
2024-12-02,0.010808414844197145,1,0
2024-12-03,-0.010844130958031162,0,0
2024-12-04,0.010008081942164404,1,0
2024-12-05,-0.007942254741674204,0,0
2024-12-06,-0.012504242071492144,0,0
2024-12-09,-0.007952826815636138,0,0
2024-12-10,-0.005175666490439101,0,0
2024-12-11,-0.011969914156727657,0,0
2024-12-12,0.007878739959269243,1,0
2024-12-13,-0.0035746103419356245,0,0
2024-12-16,-0.018134627504476253,0,0
2024-12-17,0.006384025076941802,1,0
2024-12-18,-0.01819275722362368,0,0
2024-12-19,-0.020439599893611327,0,1
2024-12-20,0.014104410968817094,1,0
2024-12-23,0.00036807405803163107,1,0
2024-12-24,-0.005070484313569934,0,0
2024-12-26,0.003699048513918557,1,0
2024-12-27,-0.008476386172787898,0,0
2024-12-30,0.0039232651719653955,1,0
2024-12-31,0.029372001660501912,1,0
2025-01-03,-0.026495753747466266,0,1
2025-01-06,0.01876021299125341,1,0
2025-01-07,0.019865530979382928,1,0
2025-01-08,-0.008494763778998937,0,0
2025-01-09,-0.010240996308177985,0,0
2025-01-10,-0.0016507150421680716,0,0
2025-01-13,-0.0008871995398558319,0,0
2025-01-14,0.010857618472363662,1,0
2025-01-15,0.011380021144143493,1,0
2025-01-16,0.028346977701285025,1,0
2025-01-17,0.0023803347179069956,1,0
2025-01-20,-0.024321110451110406,0,1
2025-01-21,0.00266935709712679,1,0
2025-01-22,-0.01053167209564354,0,0
2025-01-23,-0.013729944340881262,0,0
2025-01-24,-0.013600401095603454,0,0
2025-01-27,0.004108023069107958,1,0
2025-01-28,0.0008910167695281856,1,0
2025-01-29,0.01420481101409754,1,0
2025-01-30,0.0096164947627011,1,0
2025-01-31,0.015888034655105798,1,0
2025-02-04,-0.005446621423933262,0,0
2025-02-05,0.0026209472919784815,1,0
2025-02-06,-0.01158756678390982,0,0
2025-02-07,-0.010302333990412138,0,0
2025-02-10,-0.014996213895739241,0,0
2025-02-11,-0.014819609664862288,0,0
2025-02-12,-0.0003699149721845263,0,0
2025-02-13,0.0009456318389988727,1,0
2025-02-14,0.006284634931411404,1,0
2025-02-17,0.0004083041546305566,1,0
2025-02-18,0.0016728413122777397,1,0
2025-02-19,0.004521536732671194,1,0
2025-02-20,-0.003933493591583903,0,0
2025-02-21,-0.011073536656446947,0,0
2025-02-24,-0.008686383010429899,0,0
2025-02-25,0.002574774875932162,1,0
2025-02-27,-0.005799020532345489,0,0
2025-02-28,-0.024039698599903736,0,1
2025-03-03,-0.007982883563999676,0,0
2025-03-04,0.01179108698944109,1,0
2025-03-05,0.02892137553821139,1,0
2025-03-06,0.03323414970498373,1,0
2025-03-07,-0.009121537517458145,0,0
2025-03-10,0.0071867371517375656,1,0
2025-03-11,0.007816871127249048,1,0
2025-03-12,-0.0072788470127675975,0,0
2025-03-13,-0.007252396828106189,0,0
2025-03-17,0.0,0,0
2025-03-18,0.006699917956740187,1,0
2025-03-19,0.01764022707469448,1,0
2025-03-20,0.005672953035154915,1,0
2025-03-21,0.020174729062875096,1,0
2025-03-24,-0.012786945794292182,0,0
2025-03-25,-0.009646421132837424,0,0
2025-03-26,0.004045346724523613,1,0
2025-03-27,-0.002425308203808707,0,0
2025-03-28,-0.017645690501992828,0,0
2025-04-01,-0.0011574254964470398,0,0
2025-04-02,-0.0019582418867142293,0,0
2025-04-03,-0.03523675903814394,0,1
2025-04-04,-0.032373254415905106,0,1
2025-04-07,0.014154725390701506,1,0
2025-04-08,0.0026645384242292014,1,0
2025-04-09,0.02834600587270697,1,0
2025-04-11,0.01735106601006997,1,0
2025-04-15,-0.0006450607873236258,0,0
2025-04-16,0.028403081361119353,1,0
2025-04-17,0.016476946736505127,1,0
2025-04-21,-0.003319087131763432,0,0
2025-04-22,0.006815330221019433,1,0
2025-04-23,0.0012307715038371025,1,0
2025-04-24,-0.0009219202768825374,0,0
2025-04-25,0.05259927244439733,1,0
2025-04-28,0.022574383142954124,1,0
2025-04-29,0.0037865383223170124,1,0
2025-04-30,0.010533849468939094,1,0
2025-05-02,0.008099785134819015,1,0
2025-05-05,-0.007266177649733696,0,0
2025-05-06,-0.010486336160832499,0,0
2025-05-07,0.0007112498232164643,1,0
2025-05-08,-0.021179865301615197,0,1
2025-05-09,0.04305835495745569,1,0
2025-05-12,-0.014479665855579138,0,0
2025-05-13,0.006145528537022882,1,0
2025-05-14,0.020921051471469054,1,0
2025-05-15,0.0015128514905287105,1,0
2025-05-16,-0.010711341598050206,0,0
2025-05-19,-0.011243827538186757,0,0
2025-05-20,0.003228928712150969,1,0
2025-05-21,-0.013853748367148477,0,0
2025-05-22,0.012345734016484755,1,0
2025-05-23,0.0056068761250060994,1,0
2025-05-26,-0.008851440092437768,0,0
2025-05-27,-0.006469209739104365,0,0
2025-05-28,0.003468034209246351,1,0
2025-05-29,0.0021864194149390226,1,0
2025-05-30,-0.0050672635520357945,0,0
2025-06-02,-0.005800360272230853,0,0
2025-06-03,0.012806788518611167,1,0
2025-06-04,0.013277207814544667,1,0
2025-06-05,0.0007625285628107825,1,0
2025-06-06,0.0036717291441485944,1,0
2025-06-09,-0.007109403277025583,0,0
2025-06-10,0.007229809741173154,1,0
2025-06-11,-0.005038340761961302,0,0
2025-06-12,-0.00950328877215667,0,0
2025-06-13,0.006933222869926148,1,0
2025-06-16,-0.004590408482557651,0,0
2025-06-17,-0.0007684958841638334,0,0
2025-06-18,0.0022376098916994103,1,0
2025-06-19,0.0229540053991637,1,0
2025-06-20,-0.006411090241396078,0,0
2025-06-23,-0.004118687016805178,0,0
2025-06-24,0.011373147212886403,1,0
2025-06-25,0.01908257690602988,1,0
2025-06-26,0.013442087140335568,1,0
2025-06-27,-0.009766355922302017,0,0
2025-06-30,0.018525947099128137,1,0
2025-07-01,-0.006281009205256427,0,0
2025-07-02,-0.0006585068990413445,0,0
2025-07-03,0.006259167109516239,1,0
2025-07-04,0.009297338276263556,1,0
2025-07-07,-0.002529982994201152,0,0
2025-07-08,-0.012096806482165712,0,0
2025-07-09,-0.00118496195014961,0,0
2025-07-10,-0.014500401948113417,0,0
2025-07-11,-0.007691329035668826,0,0
2025-07-14,0.0011458537942672375,1,0
2025-07-15,0.0001346130302264381,1,0
2025-07-16,-0.006192774888766461,0,0
2025-07-17,-0.00027095063894810867,0,0
2025-07-18,-0.03211380842210021,0,1
2025-07-21,-0.011059745551301958,0,0
2025-07-22,0.008352125623248163,1,0
2025-07-23,-0.015232315630201554,0,0
2025-07-24,-0.007983477847461673,0,0
2025-07-25,-0.002945981984557977,0,0
2025-07-28,0.02125974044296597,1,0
2025-07-29,-0.004939663693119933,0,0
2025-07-30,-0.01411256012262685,0,0
2025-07-31,0.002517666933043783,1,0
2025-08-01,0.012771749405182442,1,0
2025-08-04,-0.014027645661354837,0,0
2025-08-05,0.0007904846701709545,1,0
2025-08-06,-0.002441185464059914,0,0
2025-08-07,-0.015546263763997925,0,0
2025-08-08,0.01345223906930193,1,0
2025-08-11,-0.004184030550368867,0,0
2025-08-12,0.00159364347911084,1,0
2025-08-13,-0.002396234915443829,0,0
2025-08-14,0.005750387752597064,1,0
2025-08-18,0.0277918481328272,1,0
2025-08-19,-0.004999603624136206,0,0
2025-08-20,0.008351050852788644,1,0
2025-08-21,-0.010948986783200665,0,0
2025-08-22,0.002412750251587381,1,0
2025-08-25,-0.019609227068779322,0,0
2025-08-26,0.0007221359781603987,1,0
2025-08-28,-0.02070862138199292,0,1
2025-08-29,-0.0024314600515965568,0,0
2025-09-01,0.009306434069823899,1,0
2025-09-02,0.004463939560155561,1,0
2025-09-03,-0.009689625876550978,0,0
2025-09-04,0.011550109855192225,1,0
2025-09-05,0.0025454506535760313,1,0
2025-09-08,-0.001668579358936717,0,0
2025-09-09,0.0005813609478000359,1,0
2025-09-10,0.004575245705825681,1,0
2025-09-11,0.008458009292861446,1,0
2025-09-12,0.0030823948774383325,1,0
2025-09-15,0.004287876866437168,1,0
2025-09-16,0.0060485713051525725,1,0
2025-09-17,0.0008486758999204369,1,0
2025-09-18,-0.005370967430211482,0,0
2025-09-19,-0.01193697408733907,0,0
2025-09-22,-0.0005751644315916682,0,0
2025-09-23,-0.004892858315176718,0,0
2025-09-24,-0.007664448009885971,0,0
2025-09-25,0.0037889514205171615,1,0
2025-09-26,-0.0034843534361621575,0,0
2025-09-29,-0.006410272444172027,0,0
2025-09-30,0.003445729911237372,1,0
2025-10-01,-0.0038722179717254335,0,0
2025-10-03,0.008508154209957652,1,0
2025-10-06,0.00712726183001311,1,0
2025-10-07,-0.012565010212474692,0,0
2025-10-08,0.007605702038898432,1,0
2025-10-09,0.0028305316105254885,1,0
2025-10-10,-0.0048490284679943985,0,0
2025-10-13,0.0006545571950453688,1,0
2025-10-14,-0.001162886150263942,0,0
2025-10-15,0.017463421964418302,1,0
2025-10-16,0.013230393728203227,1,0
2025-10-17,0.035290716445324666,1,0
2025-10-20,-0.0010908202546936474,0,0
2025-10-21,-0.0114659946029676,0,0
2025-10-23,0.002209355342217556,1,0
2025-10-24,0.022389029988648,1,0
2025-10-27,0.0018867452120525652,1,0
2025-10-28,0.01163483310742941,1,0
2025-10-29,-0.010437403705000348,0,0
2025-10-30,-0.0014107318108448341,0,0
2025-10-31,-0.0011437600722541408,0,0
2025-11-03,-0.0078130381840249,0,0
2025-11-04,0.015613345081491259,1,0
2025-11-06,-0.012098138921255441,0,0
2025-11-07,0.007645503023053557,1,0
2025-11-10,0.0027530023395538894,1,0
2025-11-11,0.01211992909292925,1,0
2025-11-12,-0.00039690971869799085,0,0
2025-11-13,0.005294826136542197,1,0
2025-11-14,-0.0003949759893837612,0,0
2025-11-17,0.0007244356949636099,1,0
2025-11-18,-0.0003290652512906167,0,0
2025-11-19,0.019882826481121718,1,0
2025-11-20,-0.001613860485537244,0,0
2025-11-21,-0.006918402716518335,0,0
2025-11-24,0.0024740929270772316,1,0
2025-11-25,0.019614227507197768,1,0
2025-11-26,-0.004140396168178739,0,0
2025-11-27,0.002622519213936192,1,0
2025-11-28,-0.0008931406081523763,0,0
2025-12-01,-0.012642863060538412,0,0
2025-12-02,-0.004850269145247221,0,0
2025-12-03,-0.002079562098127874,0,0
2025-12-04,0.003256017134998901,1,0
2025-12-05,0.001557889183141814,1,0
2025-12-08,-0.008814042063944538,0,0
2025-12-09,0.004903945359473916,1,0
2025-12-10,0.005270284298839245,1,0
2025-12-11,0.007443411420030577,1,0
2025-12-12,-0.00019279610688960336,0,0
2025-12-15,-0.008931955777110256,0,0
2025-12-16,0.0013616007284771303,1,0
2025-12-17,0.0,0,0
2025-12-18,0.013403186310904314,1,0
2025-12-19,0.00658110679344337,1,0
2025-12-22,-0.002983431547231463,0,0
2025-12-23,-0.00795817911602592,0,0
2025-12-24,0.0006417426942348925,1,0
2025-12-26,-0.008722386443924313,0,0
2025-12-29,-0.0037525936694431383,0,0
2025-12-30,0.019872749161595316,1,0
2025-12-31,0.004903123733455361,1,0
2026-01-05,-0.04467397667305939,0,1
2026-01-06,-0.0022552717026890212,0,0
2026-01-07,-0.022337423385908717,0,1
2026-01-08,0.003196041265173921,1,0
2026-01-09,0.0053547636931428055,1,0
2026-01-12,-0.020496171220296455,0,1
2026-01-13,0.004129973889475558,1,0
2026-01-14,-0.06142042068044273,0,1
2026-04-01,-0.013657577915861752,0,0
2026-04-02,-0.03391338056926663,0,1
2026-04-06,-7.660557771316245e-05,0,0
2026-04-07,0.03311362925154748,1,0
2026-04-08,-0.013206752133664734,0,0
2026-04-09,0.015187987035020889,1,0
2026-04-10,-0.02599616182950437,0,1
2026-04-13,0.02205158901526394,1,0
2026-04-15,-0.0005951538075245066,0,0
2026-04-16,0.016154221932395352,1,0
2026-04-17,-0.0012453936740434157,0,0
2026-04-20,-0.00733514411354752,0,0
2026-04-21,0.006502548387833373,1,0
2026-04-22,-0.013728767947403075,0,0
2026-04-23,-0.011612322406057696,0,0
2026-04-24,0.02861873765675349,1,0
2026-04-27,0.016913139279922884,1,0
2026-04-28,0.026279801764230504,1,0
2026-04-29,0.0037884784278527928,1,0
2026-04-30,-0.07176941794796854,0,1
2026-09-04,-0.009455370650529482,0,0
2026-09-07,-0.011149274979715518,0,0
2026-09-08,-0.01227895908122889,0,0
2026-09-09,-0.003909304143862369,0,0
2026-09-10,-0.01295133437990581,0,0
