Date,True,Pred,Prob,Run_ID,Close,Next_Close,Next_Day_Return,Signal,Position_Change,Friction,Strategy_Return,BnH_Return,Strategy_Equity,BnH_Equity,Strategy_Peak,Strategy_Drawdown,BnH_Peak,BnH_Drawdown
2024-12-23,1.0,1,0.50821257,20261007_000631,1211.834716796875,1212.28076171875,0.00036807405803163107,1,1.0,0.0015,-0.001131925941968369,0.00036807405803163107,99886.80740580316,100036.80740580316,99886.80740580316,0.0,100036.80740580316,0.0
2024-12-24,0.0,1,0.5173819,20261007_000631,1212.28076171875,1206.1339111328125,-0.005070484313569934,1,0.0,0.0,-0.005070484313569934,-0.005070484313569934,99380.33291571947,99529.57234307243,99886.80740580316,-0.005070484313569832,100036.80740580316,-0.005070484313569833
2024-12-26,1.0,1,0.5066552,20261007_000631,1206.1339111328125,1210.595458984375,0.003699048513918557,1,0.0,0.0,0.003699048513918557,0.003699048513918557,99747.94558850408,99897.73705973903,99886.80740580316,-0.0013901917671163375,100036.80740580316,-0.0013901917671162152
2024-12-27,0.0,1,0.5323058,20261007_000631,1210.595458984375,1200.333984375,-0.008476386172787898,1,0.0,0.0,-0.008476386172787898,-0.008476386172787898,98902.44348175368,99050.96526263305,99886.80740580316,-0.009854794137631956,100036.80740580316,-0.009854794137631831
2024-12-30,1.0,1,0.5171413,20261007_000631,1200.333984375,1205.043212890625,0.0039232651719653955,1,0.0,0.0,0.0039232651719653955,0.0039232651719653955,99290.46399368792,99439.56846489749,99886.80740580316,-0.0059701919362835955,100036.80740580316,-0.005970191936283562
2024-12-31,1.0,1,0.5231841,20261007_000631,1205.043212890625,1240.437744140625,0.029372001660501912,1,0.0,0.0,0.029372001660501912,0.029372001660501912,102206.82366698253,102360.30763496803,102206.82366698253,0.0,102360.30763496803,0.0
2025-01-03,0.0,0,0.49840596,20261007_000631,1240.437744140625,1207.5714111328125,-0.026495753747466266,0,1.0,0.0015,-0.0015,-0.026495753747466266,102053.51343148206,99648.19413035703,102206.82366698253,-0.0014999999999999302,102360.30763496803,-0.02649575374746622
2025-01-06,1.0,0,0.4968197,20261007_000631,1207.5714111328125,1230.2257080078125,0.01876021299125341,0,0.0,0.0,0.0,0.01876021299125341,102053.51343148206,101517.6154764363,102206.82366698253,-0.0014999999999999302,102360.30763496803,-0.008232606739879064
2025-01-07,1.0,1,0.51841646,20261007_000631,1230.2257080078125,1254.664794921875,0.019865530979382928,1,1.0,0.0015,0.018365530979382927,0.019865530979382928,103927.78039396279,103534.31681163651,103927.78039396279,0.0,103534.31681163651,0.0
2025-01-08,0.0,1,0.5012929,20261007_000631,1254.664794921875,1244.0067138671875,-0.008494763778998937,1,0.0,0.0,-0.008494763778998937,-0.008494763778998937,103044.93844944041,102654.81724730163,103927.78039396279,-0.008494763778998873,103534.31681163651,-0.008494763778998845
2025-01-09,0.0,0,0.4870514,20261007_000631,1244.0067138671875,1231.266845703125,-0.010240996308177985,0,1.0,0.0015,-0.0015,-0.010240996308177985,102890.37104176627,101603.52964285533,103927.78039396279,-0.009982021633330193,103534.31681163651,-0.01864876524267729
2025-01-10,0.0,0,0.4940698,20261007_000631,1231.266845703125,1229.234375,-0.0016507150421680716,0,0.0,0.0,-0.0,-0.0016507150421680716,102890.37104176627,101435.8111681365,103927.78039396279,-0.009982021633330193,103534.31681163651,-0.020268696487541395
2025-01-13,0.0,0,0.47862786,20261007_000631,1229.234375,1228.143798828125,-0.0008871995398558319,0,0.0,0.0,-0.0,-0.0008871995398558319,102890.37104176627,101345.81736314321,103927.78039396279,-0.009982021633330193,103534.31681163651,-0.02113791364920009
2025-01-14,1.0,0,0.48929492,20261007_000631,1228.143798828125,1241.478515625,0.010857618472363662,0,0.0,0.0,0.0,0.010857618472363662,102890.37104176627,102446.19158184207,103927.78039396279,-0.009982021633330193,103534.31681163651,-0.010509802578541257
2025-01-15,1.0,1,0.5033785,20261007_000631,1241.478515625,1255.6065673828125,0.011380021144143493,1,1.0,0.0015,0.009880021144143493,0.011380021144143493,103906.93008318768,103612.03140818041,103927.78039396279,-0.00020062307398540258,103612.03140818041,0.0
2025-01-16,1.0,1,0.50404304,20261007_000631,1255.6065673828125,1291.19921875,0.028346977701285025,1,0.0,0.0,0.028346977701285025,0.028346977701285025,106852.37751326477,106549.11935209295,106852.37751326477,0.0,106549.11935209295,0.0
2025-01-17,1.0,1,0.5072942,20261007_000631,1291.19921875,1294.272705078125,0.0023803347179069956,1,0.0,0.0,0.0023803347179069956,0.0023803347179069956,107106.72193715049,106802.74192004914,107106.72193715049,0.0,106802.74192004914,0.0
2025-01-20,0.0,1,0.53598785,20261007_000631,1294.272705078125,1262.7945556640625,-0.024321110451110406,1,0.0,0.0,-0.024321110451110406,-0.024321110451110406,104501.76752286068,104205.1806373302,107106.72193715049,-0.02432111045111042,106802.74192004914,-0.024321110451110333
2025-01-21,1.0,0,0.49113226,20261007_000631,1262.7945556640625,1266.1654052734375,0.00266935709712679,0,1.0,0.0015,-0.0015,0.00266935709712679,104345.01487157641,104483.34147582183,107106.72193715049,-0.025784628785433597,106802.74192004914,-0.021716675082776256
2025-01-22,0.0,1,0.53248847,20261007_000631,1266.1654052734375,1252.83056640625,-0.01053167209564354,1,1.0,0.0015,-0.01203167209564354,-0.01053167209564354,103089.56986782656,103382.95718394133,107106.72193715049,-0.037506068682422816,106802.74192004914,-0.03201963427744031
2025-01-23,0.0,1,0.5168962,20261007_000631,1252.83056640625,1235.6292724609375,-0.013729944340881262,1,0.0,0.0,-0.013729944340881262,-0.013729944340881262,101674.1558114159,101963.5149360101,107106.72193715049,-0.050721056787849286,106802.74192004914,-0.045309950821876895
2025-01-24,0.0,0,0.49186558,20261007_000631,1235.6292724609375,1218.82421875,-0.013600401095603454,0,1.0,0.0015,-0.0015,-0.013600401095603454,101521.64457769878,100576.77023576281,107106.72193715049,-0.052144975202667435,106802.74192004914,-0.05829411841268075
2025-01-27,1.0,0,0.48085028,20261007_000631,1218.82421875,1223.8311767578125,0.004108023069107958,0,0.0,0.0,0.0,0.004108023069107958,101521.64457769878,100989.94192810771,107106.72193715049,-0.052144975202667435,106802.74192004914,-0.054425568926805265
2025-01-28,1.0,1,0.5069749,20261007_000631,1223.8311767578125,1224.921630859375,0.0008910167695281856,1,1.0,0.0015,-0.0006089832304718144,0.0008910167695281856,101459.81959862105,101079.92565991932,107106.72193715049,-0.05272220301768741,106802.74192004914,-0.053583046251882135
2025-01-29,1.0,1,0.52504134,20261007_000631,1224.921630859375,1242.3214111328125,0.01420481101409754,1,0.0,0.0,0.01420481101409754,0.01420481101409754,102901.03716154388,102515.74690123751,107106.72193715049,-0.03926630093370312,106802.74192004914,-0.04013937228335216
2025-01-30,1.0,1,0.5171372,20261007_000631,1242.3214111328125,1254.2681884765625,0.0096164947627011,1,0.0,0.0,0.0096164947627011,0.0096164947627011,103890.58444648438,103501.58904440765,107106.72193715049,-0.030027410348281554,106802.74192004914,-0.03090887758399202
2025-01-31,1.0,1,0.55421025,20261007_000631,1254.2681884765625,1274.196044921875,0.015888034655105798,1,0.0,0.0,0.015888034655105798,0.015888034655105798,105541.2016525093,105146.02587800373,107106.72193715049,-0.01461645222939249,106802.74192004914,-0.015511924247091037
2025-02-04,0.0,1,0.5311519,20261007_000631,1274.196044921875,1267.2559814453125,-0.005446621423933262,1,0.0,0.0,-0.005446621423933262,-0.005446621423933262,104966.35868248109,104573.33528081514,107106.72193715049,-0.01998346337147121,106802.74192004914,-0.020874058092093757
2025-02-05,1.0,1,0.53067374,20261007_000631,1267.2559814453125,1270.577392578125,0.0026209472919784815,1,0.0,0.0,0.0026209472919784815,0.0026209472919784815,105241.4699760188,104847.41648073254,107106.72193715049,-0.01741489168370043,106802.74192004914,-0.018307820606144408
2025-02-06,0.0,1,0.5125042,20261007_000631,1270.577392578125,1255.8544921875,-0.01158756678390982,1,0.0,0.0,-0.01158756678390982,-0.01158756678390982,104021.97741423485,103632.49004014165,107106.72193715049,-0.028800662247190717,106802.74192004914,-0.029683244296112646
2025-02-07,0.0,1,0.5090106,20261007_000631,1255.8544921875,1242.916259765625,-0.010302333990412138,1,0.0,0.0,-0.010302333990412138,-0.010302333990412138,102950.3082605703,102564.83351549006,107106.72193715049,-0.03880628219598721,106802.74192004914,-0.03967977158986721
2025-02-10,0.0,0,0.4954825,20261007_000631,1242.916259765625,1224.2772216796875,-0.014996213895739241,0,1.0,0.0015,-0.0015,-0.014996213895739241,102795.88279817946,101026.74933391089,107106.72193715049,-0.04024807277269304,106802.74192004914,-0.05408093914351064
2025-02-11,0.0,0,0.4681425,20261007_000631,1224.2772216796875,1206.1339111328125,-0.014819609664862288,0,0.0,0.0,-0.0,-0.014819609664862288,102795.88279817946,99529.57234307245,107106.72193715049,-0.04024807277269304,106802.74192004914,-0.06809909039995693
2025-02-12,0.0,0,0.46516562,20261007_000631,1206.1339111328125,1205.687744140625,-0.0003699149721845263,0,0.0,0.0,-0.0,-0.0003699149721845263,102795.88279817946,99492.75486408762,107106.72193715049,-0.04024807277269304,106802.74192004914,-0.06844381449901038
2025-02-13,1.0,0,0.48830312,20261007_000631,1205.687744140625,1206.827880859375,0.0009456318389988727,0,0.0,0.0,0.0,0.0009456318389988727,102795.88279817946,99586.83838083681,107106.72193715049,-0.04024807277269304,106802.74192004914,-0.06756290531018432
2025-02-14,1.0,0,0.4739395,20261007_000631,1206.827880859375,1214.412353515625,0.006284634931411404,0,0.0,0.0,0.0,0.006284634931411404,102795.88279817946,100212.70530403384,107106.72193715049,-0.04024807277269304,106802.74192004914,-0.06170287857355296
2025-02-17,1.0,0,0.4845055,20261007_000631,1214.412353515625,1214.908203125,0.0004083041546305566,0,0.0,0.0,0.0,0.0004083041546305566,102795.88279817946,100253.62256795625,107106.72193715049,-0.04024807277269304,106802.74192004914,-0.06131976796059657
2025-02-18,1.0,1,0.5039123,20261007_000631,1214.908203125,1216.9405517578125,0.0016728413122777397,1,1.0,0.0015,0.00017284131227773966,0.0016728413122777397,102813.65017345904,100421.33096949341,107106.72193715049,-0.04008218799013002,106802.74192004914,-0.05974950488942271
2025-02-19,1.0,1,0.5023358,20261007_000631,1216.9405517578125,1222.4429931640625,0.004521536732671194,1,0.0,0.0,0.004521536732671194,0.004521536732671194,103278.52586933835,100875.3897062157,107106.72193715049,-0.03574188434278195,106802.74192004914,-0.055498127737868004
2025-02-20,0.0,1,0.5008662,20261007_000631,1222.4429931640625,1217.634521484375,-0.003933493591583903,1,0.0,0.0,-0.003933493591583903,-0.003933493591583903,102872.28044968306,100478.59700725776,107106.72193715049,-0.0395347874613525,106802.74192004914,-0.059213319799650235
2025-02-21,0.0,0,0.49694273,20261007_000631,1217.634521484375,1204.1510009765625,-0.011073536656446947,0,1.0,0.0015,-0.0015,-0.011073536656446947,102717.97202900854,99365.94358010954,107106.72193715049,-0.040975485280160484,106802.74192004914,-0.06963115558874579
2025-02-24,0.0,0,0.4878821,20261007_000631,1204.1510009765625,1193.6912841796875,-0.008686383010429899,0,0.0,0.0,-0.0,-0.008686383010429899,102717.97202900854,98502.81293597995,107106.72193715049,-0.040975485280160484,106802.74192004914,-0.0777126957122729
2025-02-25,1.0,0,0.47937495,20261007_000631,1193.6912841796875,1196.7647705078125,0.002574774875932162,0,0.0,0.0,0.0,0.002574774875932162,102717.97202900854,98756.43550393614,107106.72193715049,-0.040975485280160484,106802.74192004914,-0.07533801353280181
2025-02-27,0.0,0,0.48668146,20261007_000631,1196.7647705078125,1189.82470703125,-0.005799020532345489,0,0.0,0.0,-0.0,-0.005799020532345489,102717.97202900854,98183.74490674757,107106.72193715049,-0.040975485280160484,106802.74192004914,-0.0807001473778044
2025-02-28,0.0,0,0.46876857,20261007_000631,1189.82470703125,1161.2216796875,-0.024039698599903736,0,0.0,0.0,-0.0,-0.024039698599903736,102717.97202900854,95823.43727177953,107106.72193715049,-0.040975485280160484,106802.74192004914,-0.1027998387577778
2025-03-03,0.0,0,0.4633199,20261007_000631,1161.2216796875,1151.9517822265625,-0.007982883563999676,0,0.0,0.0,-0.0,-0.007982883563999676,102717.97202900854,95058.48992933669,107106.72193715049,-0.040975485280160484,106802.74192004914,-0.10996208317857621
2025-03-04,1.0,0,0.49351645,20261007_000631,1151.9517822265625,1165.5345458984375,0.01179108698944109,0,0.0,0.0,0.0,0.01179108698944109,102717.97202900854,96179.3328531784,107106.72193715049,-0.040975485280160484,106802.74192004914,-0.09946756867743389
2025-03-05,1.0,1,0.50515413,20261007_000631,1165.5345458984375,1199.243408203125,0.02892137553821139,1,1.0,0.0015,0.02742137553821139,0.02892137553821139,105534.64011453948,98960.9714576398,107106.72193715049,-0.014677713911676807,106802.74192004914,-0.07342293204681555
2025-03-06,1.0,1,0.5068251,20261007_000631,1199.243408203125,1239.0992431640625,0.03323414970498373,1,0.0,0.0,0.03323414970498373,0.03323414970498373,109041.99414316767,102249.85519801361,109041.99414316767,0.0,106802.74192004914,-0.042628931057254606
2025-03-07,0.0,1,0.502487,20261007_000631,1239.0992431640625,1227.7967529296875,-0.009121537517458145,1,0.0,0.0,-0.009121537517458145,-0.009121537517458145,108047.36350261231,101317.17930767027,109041.99414316767,-0.00912153751745821,106802.74192004914,-0.0513616271807448
2025-03-10,1.0,1,0.50773466,20261007_000631,1227.7967529296875,1236.62060546875,0.0071867371517375656,1,0.0,0.0,0.0071867371517375656,0.0071867371517375656,108823.87150404383,102045.31924430997,109041.99414316767,-0.0020003544582783313,106802.74192004914,-0.044544012543240745
2025-03-11,1.0,1,0.53488845,20261007_000631,1236.62060546875,1246.287109375,0.007816871127249048,1,0.0,0.0,0.007816871127249048,0.007816871127249048,109674.53368315924,102842.99435398172,109674.53368315924,0.0,106802.74192004914,-0.03707533622153286
2025-03-12,0.0,1,0.528456,20261007_000631,1246.287109375,1237.215576171875,-0.0072788470127675975,1,0.0,0.0,-0.0072788470127675975,-0.0072788470127675975,108876.22953128291,102094.41593174418,109674.53368315924,-0.007278847012767524,106802.74192004914,-0.04408431753399684
2025-03-13,0.0,1,0.51571447,20261007_000631,1237.215576171875,1228.2427978515625,-0.007252396828106189,1,0.0,0.0,-0.007252396828106189,-0.007252396828106189,108086.61590957407,101353.98671347344,109674.53368315924,-0.014478454753886025,106802.74192004914,-0.05101699739745031
2025-03-17,0.0,1,0.5009226,20261007_000631,1228.2427978515625,1228.2427978515625,0.0,1,0.0,0.0,0.0,0.0,108086.61590957407,101353.98671347344,109674.53368315924,-0.014478454753886025,106802.74192004914,-0.05101699739745031
2025-03-18,1.0,1,0.5512191,20261007_000631,1228.2427978515625,1236.471923828125,0.006699917956740187,1,0.0,0.0,0.006699917956740187,0.006699917956740187,108810.7873683899,102033.05010904225,109674.53368315924,-0.007875541256137375,106802.74192004914,-0.04465888913767224
2025-03-19,1.0,1,0.52662444,20261007_000631,1236.471923828125,1258.2835693359375,0.01764022707469448,1,0.0,0.0,0.01764022707469448,0.01764022707469448,110730.23436574459,103832.93628208943,110730.23436574459,0.0,106802.74192004914,-0.027806455008269927
2025-03-20,1.0,1,0.55094963,20261007_000631,1258.2835693359375,1265.4217529296875,0.005672953035154915,1,0.0,0.0,0.005672953035154915,0.005672953035154915,111358.40178487315,104421.97565311995,111358.40178487315,0.0,106802.74192004914,-0.02229124668645112
2025-03-21,1.0,1,0.56030226,20261007_000631,1265.4217529296875,1290.9512939453125,0.020174729062875096,1,0.0,0.0,0.020174729062875096,0.020174729062875096,113605.02736975775,106528.66072013178,113605.02736975775,0.0,106802.74192004914,-0.0025662374859489385
2025-03-24,0.0,1,0.5585464,20261007_000631,1290.9512939453125,1274.4439697265625,-0.012786945794292182,1,0.0,0.0,-0.012786945794292182,-0.012786945794292182,112152.36604282157,105166.48450996491,113605.02736975775,-0.01278694579429229,106802.74192004914,-0.015320368940613048
2025-03-25,0.0,1,0.5514608,20261007_000631,1274.4439697265625,1262.150146484375,-0.009646421132837424,1,0.0,0.0,-0.009646421132837424,-0.009646421132837424,111070.49708892837,104152.00431132177,113605.02736975775,-0.02231001866299522,106802.74192004914,-0.02481900334273884
2025-03-26,1.0,1,0.5410425,20261007_000631,1262.150146484375,1267.2559814453125,0.004045346724523613,1,0.0,0.0,0.004045346724523613,0.004045346724523613,111519.81576051828,104573.33528081514,113605.02736975775,-0.01835492369939401,106802.74192004914,-0.020874058092093757
2025-03-27,0.0,1,0.55158854,20261007_000631,1267.2559814453125,1264.1824951171875,-0.002425308203808707,1,0.0,0.0,-0.002425308203808707,-0.002425308203808707,111249.34583646707,104319.71271285893,113605.02736975775,-0.020735715556174227,106802.74192004914,-0.02324874027156498
2025-03-28,0.0,1,0.5255546,20261007_000631,1264.1824951171875,1241.8751220703125,-0.017645690501992828,1,0.0,0.0,-0.017645690501992828,-0.017645690501992828,109286.27431128759,102478.91934907103,113605.02736975775,-0.03801551003912556,106802.74192004914,-0.04048419069816444
2025-04-01,0.0,0,0.47924727,20261007_000631,1241.8751220703125,1240.437744140625,-0.0011574254964470398,0,1.0,0.0015,-0.0015,-0.0011574254964470398,109122.34489982067,102360.30763496808,113605.02736975775,-0.03945848677406675,106802.74192004914,-0.04159475876009439
2025-04-02,0.0,1,0.5096673,20261007_000631,1240.437744140625,1238.0086669921875,-0.0019582418867142293,1,1.0,0.0015,-0.0034582418867142293,-0.0019582418867142293,108744.97343591163,102159.86139302033,113605.02736975775,-0.04278027166903263,106802.74192004914,-0.043471548047936834
2025-04-03,0.0,0,0.49192315,20261007_000631,1238.0086669921875,1194.38525390625,-0.03523675903814394,0,1.0,0.0015,-0.0015,-0.03523675903814394,108581.85597575776,98560.0789737443,113605.02736975775,-0.04421610126152907,106802.74192004914,-0.07717651062250043
2025-04-04,0.0,0,0.46456638,20261007_000631,1194.38525390625,1155.7191162109375,-0.032373254415905106,0,0.0,0.0,-0.0,-0.032373254415905106,108581.85597575776,95369.36846187557,113605.02736975775,-0.04421610126152907,106802.74192004914,-0.10705131022509161
2025-04-07,1.0,0,0.480251,20261007_000631,1155.7191162109375,1172.0780029296875,0.014154725390701506,0,0.0,0.0,0.0,0.014154725390701506,108581.85597575776,96719.29568313806,113605.02736975775,-0.04421610126152907,106802.74192004914,-0.09441186673334093
2025-04-08,1.0,0,0.49468866,20261007_000631,1172.0780029296875,1175.2010498046875,0.0026645384242292014,0,0.0,0.0,0.0,0.0026645384242292014,108581.85597575776,96977.00796285016,113605.02736975775,-0.04421610126152907,106802.74192004914,-0.091998892355726
2025-04-09,1.0,0,0.49120417,20261007_000631,1175.2010498046875,1208.5133056640625,0.02834600587270697,0,0.0,0.0,0.0,0.02834600587270697,108581.85597575776,99725.91880008265,113605.02736975775,-0.04421610126152907,106802.74192004914,-0.066260687626017
2025-04-11,1.0,1,0.52432925,20261007_000631,1208.5133056640625,1229.4822998046875,0.01735106601006997,1,1.0,0.0015,0.01585106601006997,0.01735106601006997,110302.9941423254,101456.26980009777,113605.02736975775,-0.029065907591263544,106802.74192004914,-0.05005931518081866
2025-04-15,0.0,1,0.6082755,20261007_000631,1229.4822998046875,1228.689208984375,-0.0006450607873236258,1,0.0,0.0,-0.0006450607873236258,-0.0006450607873236258,110231.84200607981,101390.8243388216,113605.02736975775,-0.029692219101352033,106802.74192004914,-0.050672084666878794
2025-04-16,1.0,1,0.5811548,20261007_000631,1228.689208984375,1263.5877685546875,0.028403081361119353,1,0.0,0.0,0.028403081361119353,0.028403081361119353,113362.76598316454,104270.63617178811,113605.02736975775,-0.002132488255160602,106802.74192004914,-0.023708246649290415
2025-04-17,1.0,1,0.56572175,20261007_000631,1263.5877685546875,1284.4078369140625,0.016476946736505127,1,0.0,0.0,0.016476946736505127,0.016476946736505127,115230.63824017206,105988.69789017217,115230.63824017206,0.0,106802.74192004914,-0.007621939430041494
2025-04-21,0.0,1,0.58773065,20261007_000631,1284.4078369140625,1280.144775390625,-0.003319087131763432,1,0.0,0.0,-0.003319087131763432,-0.003319087131763432,114848.1777116042,105636.91216689255,115230.63824017206,-0.003319087131763545,106802.74192004914,-0.010915728680723508
2025-04-22,1.0,1,0.5773504,20261007_000631,1280.144775390625,1288.869384765625,0.006815330221019433,1,0.0,0.0,0.006815330221019433,0.006815330221019433,115630.9059679911,106356.86260683874,115630.9059679911,0.0,106802.74192004914,-0.004174792755266358
2025-04-23,1.0,1,0.5533865,20261007_000631,1288.869384765625,1290.4556884765625,0.0012307715038371025,1,0.0,0.0,0.0012307715038371025,0.0012307715038371025,115773.22119201938,106487.76360257276,115773.22119201938,0.0,106802.74192004914,-0.002949159467386847
2025-04-24,0.0,1,0.53288275,20261007_000631,1290.4556884765625,1289.2659912109375,-0.0009219202768825374,1,0.0,0.0,-0.0009219202768825374,-0.0009219202768825374,115666.48751188244,106389.59037406766,115773.22119201938,-0.0009219202768826116,106802.74192004914,-0.0038683608543567394
2025-04-25,1.0,0,0.49980447,20261007_000631,1289.2659912109375,1357.0804443359375,0.05259927244439733,0,1.0,0.0015,-0.0015,0.05259927244439733,115492.98778061463,111985.60542340108,115773.22119201938,-0.00242053739646723,111985.60542340108,0.0
2025-04-28,1.0,1,0.50742924,20261007_000631,1357.0804443359375,1387.7156982421875,0.022574383142954124,1,1.0,0.0015,0.021074383142954123,0.022574383142954124,117926.93125542781,114513.61138672462,117926.93125542781,0.0,114513.61138672462,0.0
2025-04-29,1.0,1,0.5044614,20261007_000631,1387.7156982421875,1392.9703369140625,0.0037865383223170124,1,0.0,0.0,0.0037865383223170124,0.0037865383223170124,118373.46609985972,114947.22156466737,118373.46609985972,0.0,114947.22156466737,0.0
2025-04-30,1.0,1,0.5024519,20261007_000631,1392.9703369140625,1407.6436767578125,0.010533849468939094,1,0.0,0.0,0.010533849468939094,0.010533849468939094,119620.39437287222,116158.05829350237,119620.39437287222,0.0,116158.05829350237,0.0
2025-05-02,1.0,1,0.51500314,20261007_000631,1407.6436767578125,1419.0452880859375,0.008099785134819015,1,0.0,0.0,0.008099785134819015,0.008099785134819015,120589.29386503481,117098.9136073575,120589.29386503481,0.0,117098.9136073575,0.0
2025-05-05,0.0,1,0.52658355,20261007_000631,1419.0452880859375,1408.7342529296875,-0.007266177649733696,1,0.0,0.0,-0.007266177649733696,-0.007266177649733696,119713.07063315553,116248.05209849562,120589.29386503481,-0.0072661776497336674,117098.9136073575,-0.007266177649733735
2025-05-06,0.0,1,0.5171324,20261007_000631,1408.7342529296875,1393.9617919921875,-0.010486336160832499,1,0.0,0.0,-0.010486336160832499,-0.010486336160832499,118457.71913165077,115029.03594614884,120589.29386503481,-0.01767631822912678,117098.9136073575,-0.017676318229126697
2025-05-07,1.0,1,0.53159523,20261007_000631,1393.9617919921875,1394.9532470703125,0.0007112498232164643,1,0.0,0.0,0.0007112498232164643,0.0007112498232164643,118541.97216344178,115110.8503276303,120589.29386503481,-0.01697764068412589,117098.9136073575,-0.01697764068412586
2025-05-08,0.0,1,0.5018403,20261007_000631,1394.9532470703125,1365.4083251953125,-0.021179865301615197,1,0.0,0.0,-0.021179865301615197,-0.021179865301615197,116031.26916043228,112672.8180229367,120589.29386503481,-0.037797921842911995,117098.9136073575,-0.03779792184291203
2025-05-09,1.0,1,0.51138985,20261007_000631,1365.4083251953125,1424.2005615234375,0.04305835495745569,1,0.0,0.0,0.04305835495745569,0.04305835495745569,121027.38473410624,117524.32421542512,121027.38473410624,0.0,117524.32421542512,0.0
2025-05-12,0.0,1,0.56538266,20261007_000631,1424.2005615234375,1403.57861328125,-0.014479665855579138,1,0.0,0.0,-0.014479665855579138,-0.014479665855579138,119274.94864378177,115822.611270883,121027.38473410624,-0.014479665855579048,117524.32421542512,-0.014479665855579244
2025-05-13,1.0,1,0.51632476,20261007_000631,1403.57861328125,1412.204345703125,0.006145528537022882,1,0.0,0.0,0.006145528537022882,0.006145528537022882,120007.95624442406,116534.40243368072,121027.38473410624,-0.008423122518278264,117524.32421542512,-0.008423122518278415
2025-05-14,1.0,1,0.548594,20261007_000631,1412.204345703125,1441.7491455078125,0.020921051471469054,1,0.0,0.0,0.020921051471469054,0.020921051471469054,122518.64887399945,118972.42466519265,122518.64887399945,0.0,118972.42466519265,0.0
2025-05-15,1.0,1,0.53104806,20261007_000631,1441.7491455078125,1443.9302978515625,0.0015128514905287105,1,0.0,0.0,0.0015128514905287105,0.0015128514905287105,122704.00139456605,119152.41227517919,122704.00139456605,0.0,119152.41227517919,0.0
2025-05-16,0.0,1,0.5542183,20261007_000631,1443.9302978515625,1428.4638671875,-0.010711341598050206,1,0.0,0.0,-0.010711341598050206,-0.010711341598050206,121389.67692018123,117876.13008506803,122704.00139456605,-0.01071134159805015,119152.41227517919,-0.010711341598050251
2025-05-19,0.0,1,0.5156367,20261007_000631,1428.4638671875,1412.4024658203125,-0.011243827538186757,1,0.0,0.0,-0.011243827538186757,-0.011243827538186757,120024.79232797452,116550.75120752266,122704.00139456605,-0.021834732658605704,119152.41227517919,-0.021834732658605922
2025-05-20,1.0,1,0.52189404,20261007_000631,1412.4024658203125,1416.9630126953125,0.003228928712150969,1,0.0,0.0,0.003228928712150969,0.003228928712150969,120412.34382609227,116927.08527451938,122704.00139456605,-0.018676306741658242,119152.41227517919,-0.01867630674165851
2025-05-21,0.0,1,0.524878,20261007_000631,1416.9630126953125,1397.332763671875,-0.013853748367148477,1,0.0,0.0,-0.013853748367148477,-0.013853748367148477,118744.18151442702,115307.20685782208,122704.00139456605,-0.03227131825478012,119152.41227517919,-0.032271318254780385
2025-05-22,1.0,1,0.5024993,20261007_000631,1397.332763671875,1414.5838623046875,0.012345734016484755,1,0.0,0.0,0.012345734016484755,0.012345734016484755,120210.16559540933,116730.75896387253,122704.00139456605,-0.020323997349830165,119152.41227517919,-0.02032399734983051
2025-05-23,1.0,0,0.49700662,20261007_000631,1414.5838623046875,1422.5152587890625,0.0056068761250060994,0,1.0,0.0015,-0.0015,0.0056068761250060994,120029.85034701622,117385.2538693609,122704.00139456605,-0.02179351135380534,119152.41227517919,-0.014831075360330005
2025-05-26,0.0,1,0.50217885,20261007_000631,1422.5152587890625,1409.9239501953125,-0.008851440092437768,1,1.0,0.0015,-0.010351440092437767,-0.008851440092437768,118787.36854184481,116346.22532700065,122704.00139456605,-0.03191935721906034,119152.41227517919,-0.023551239077709386
2025-05-27,0.0,0,0.49485338,20261007_000631,1409.9239501953125,1400.8028564453125,-0.006469209739104365,0,1.0,0.0015,-0.0015,-0.006469209739104365,118609.18748903206,115593.55719300719,122704.00139456605,-0.033371478183231634,119152.41227517919,-0.029868090911604216
2025-05-28,1.0,1,0.5116932,20261007_000631,1400.8028564453125,1405.660888671875,0.003468034209246351,1,1.0,0.0015,0.001968034209246351,0.003468034209246351,118842.61442754138,115994.43960372102,122704.00139456605,-0.03146912018466307,119152.41227517919,-0.026503640263404092
2025-05-29,1.0,1,0.5228984,20261007_000631,1405.660888671875,1408.7342529296875,0.0021864194149390226,1,0.0,0.0,0.0021864194149390226,0.0021864194149390226,119102.45422704786,116248.05209849558,122704.00139456605,-0.02935150546506697,119152.41227517919,-0.024375168922103466
2025-05-30,0.0,0,0.48782402,20261007_000631,1408.7342529296875,1401.5958251953125,-0.0050672635520357945,0,1.0,0.0015,-0.0015,-0.0050672635520357945,118923.8005457073,115658.9925811017,122704.00139456605,-0.030807478206869233,119152.41227517919,-0.02931891706908568
2025-06-02,0.0,0,0.4799324,20261007_000631,1401.5958251953125,1393.466064453125,-0.005800360272230853,0,0.0,0.0,-0.0,-0.005800360272230853,118923.8005457073,114988.12875540805,122704.00139456605,-0.030807478206869233,119152.41227517919,-0.034949217059524085
2025-06-03,1.0,0,0.49165756,20261007_000631,1393.466064453125,1411.3118896484375,0.012806788518611167,0,0.0,0.0,0.0,0.012806788518611167,118923.8005457073,116460.75740252939,122704.00139456605,-0.030807478206869233,119152.41227517919,-0.02259001577268531
2025-06-04,1.0,0,0.4975362,20261007_000631,1411.3118896484375,1430.0501708984375,0.013277207814544667,0,0.0,0.0,0.0,0.013277207814544667,118923.8005457073,118007.03108080204,122704.00139456605,-0.030807478206869233,119152.41227517919,-0.0096127402920884
2025-06-05,1.0,0,0.4899091,20261007_000631,1430.0501708984375,1431.140625,0.0007625285628107825,0,0.0,0.0,0.0,0.0007625285628107825,118923.8005457073,118097.01481261365,122704.00139456605,-0.030807478206869233,119152.41227517919,-0.008857541718317275
2025-06-06,1.0,1,0.5146465,20261007_000631,1431.140625,1436.3953857421875,0.0036717291441485944,1,1.0,0.0015,0.0021717291441485944,0.0036717291441485944,119182.07082928531,118530.63506373807,122704.00139456605,-0.02870265456100038,119152.41227517919,-0.0052183350682413615
2025-06-09,0.0,1,0.51282364,20261007_000631,1436.3953857421875,1426.1834716796875,-0.007109403277025583,1,0.0,0.0,-0.007109403277025583,-0.007109403277025583,118334.7574243689,117687.95297838801,122704.00139456605,-0.03560799909163058,119152.41227517919,-0.012290639096832097
2025-06-10,1.0,1,0.51549846,20261007_000631,1426.1834716796875,1436.4945068359375,0.007229809741173154,1,0.0,0.0,0.007229809741173154,0.007229809741173154,119190.29520631497,118538.8144872499,122704.00139456605,-0.02863562840915374,119152.41227517919,-0.0051496883379264224
2025-06-11,0.0,1,0.51203895,20261007_000631,1436.4945068359375,1429.2569580078125,-0.005038340761961302,1,0.0,0.0,-0.005038340761961302,-0.005038340761961302,118589.77388354679,117941.57554634422,122704.00139456605,-0.033529693117256856,119152.41227517919,-0.010162083215223333
2025-06-12,0.0,0,0.48116204,20261007_000631,1429.2569580078125,1415.67431640625,-0.00950328877215667,0,1.0,0.0015,-0.0015,-0.00950328877215667,118411.88922272148,116820.74269568417,122704.00139456605,-0.034979398577580874,119152.41227517919,-0.019568798776059146
2025-06-13,1.0,0,0.47392955,20261007_000631,1415.67431640625,1425.489501953125,0.006933222869926148,0,0.0,0.0,0.0,0.006933222869926148,118411.88922272148,117630.68694062364,122704.00139456605,-0.034979398577580874,119152.41227517919,-0.012771250749344197
2025-06-16,0.0,0,0.4869932,20261007_000631,1425.489501953125,1418.9459228515625,-0.004590408482557651,0,0.0,0.0,-0.0,-0.004590408482557651,118411.88922272148,117090.71403748232,122704.00139456605,-0.034979398577580874,119152.41227517919,-0.01730303397412913
2025-06-17,0.0,0,0.4769335,20261007_000631,1418.9459228515625,1417.85546875,-0.0007684958841638334,0,0.0,0.0,-0.0,-0.0007684958841638334,118411.88922272148,117000.7303056707,122704.00139456605,-0.034979398577580874,119152.41227517919,-0.018058232547900375
2025-06-18,1.0,0,0.47560287,20261007_000631,1417.85546875,1421.028076171875,0.0022376098916994103,0,0.0,0.0,0.0,0.0022376098916994103,118411.88922272148,117262.53229713872,122704.00139456605,-0.034979398577580874,119152.41227517919,-0.015861029935976795
2025-06-19,1.0,0,0.48111233,20261007_000631,1421.028076171875,1453.6463623046875,0.0229540053991637,0,0.0,0.0,0.0,0.0229540053991637,118411.88922272148,119954.17709660686,122704.00139456605,-0.034979398577580874,119954.17709660686,0.0
2025-06-20,0.0,0,0.48846802,20261007_000631,1453.6463623046875,1444.326904296875,-0.006411090241396078,0,0.0,0.0,-0.0,-0.006411090241396078,118411.88922272148,119185.1400424081,122704.00139456605,-0.034979398577580874,119954.17709660686,-0.006411090241396177
2025-06-23,0.0,0,0.4800826,20261007_000631,1444.326904296875,1438.378173828125,-0.004118687016805178,0,0.0,0.0,-0.0,-0.004118687016805178,118411.88922272148,118694.25375351933,122704.00139456605,-0.034979398577580874,119954.17709660686,-0.010503371984060499
2025-06-24,1.0,0,0.49671626,20261007_000631,1438.378173828125,1454.737060546875,0.011373147212886403,0,0.0,0.0,0.0,0.011373147212886403,118411.88922272148,120044.18097478178,122704.00139456605,-0.034979398577580874,120044.18097478178,0.0
2025-06-25,1.0,1,0.5239611,20261007_000631,1454.737060546875,1482.4971923828125,0.01908257690602988,1,1.0,0.0015,0.01758257690602988,0.01908257690602988,120493.87537156825,122334.93329035443,122704.00139456605,-0.018011849637168134,122334.93329035443,0.0
2025-06-26,1.0,1,0.5107091,20261007_000631,1482.4971923828125,1502.425048828125,0.013442087140335568,1,0.0,0.0,0.013442087140335568,0.013442087140335568,122113.56454418962,123979.3701239505,122704.00139456605,-0.00481187934921391,123979.3701239505,0.0
2025-06-27,0.0,1,0.5008868,20261007_000631,1502.425048828125,1487.7518310546875,-0.009766355922302017,1,0.0,0.0,-0.009766355922302017,-0.009766355922302017,120920.96000991006,122768.5434682972,122704.00139456605,-0.014531240745136322,123979.3701239505,-0.009766355922301916
2025-06-30,1.0,0,0.49211177,20261007_000631,1487.7518310546875,1515.3138427734375,0.018525947099128137,0,1.0,0.0015,-0.0015,0.018525947099128137,120739.57856989521,125042.9470100279,122704.00139456605,-0.016009443884018534,125042.9470100279,0.0
2025-07-01,0.0,0,0.49157473,20261007_000631,1515.3138427734375,1505.796142578125,-0.006281009205256427,0,0.0,0.0,-0.0,-0.006281009205256427,120739.57856989521,124257.55110880552,122704.00139456605,-0.016009443884018534,125042.9470100279,-0.006281009205256441
2025-07-02,0.0,0,0.49193573,20261007_000631,1505.796142578125,1504.8045654296875,-0.0006585068990413445,0,0.0,0.0,-0.0,-0.0006585068990413445,120739.57856989521,124175.72665414239,122704.00139456605,-0.016009443884018534,125042.9470100279,-0.006935380016403193
2025-07-03,1.0,0,0.48280346,20261007_000631,1504.8045654296875,1514.223388671875,0.006259167109516239,0,0.0,0.0,0.0,0.006259167109516239,120739.57856989521,124952.96327821628,122704.00139456605,-0.016009443884018534,125042.9470100279,-0.0007196226093775804
2025-07-04,1.0,0,0.48093772,20261007_000631,1514.223388671875,1528.3016357421875,0.009297338276263556,0,0.0,0.0,0.0,0.009297338276263556,120739.57856989521,126114.69324643539,122704.00139456605,-0.016009443884018534,126114.69324643539,0.0
2025-07-07,0.0,0,0.47786203,20261007_000631,1528.3016357421875,1524.43505859375,-0.002529982994201152,0,0.0,0.0,-0.0,-0.002529982994201152,120739.57856989521,125795.62521720299,122704.00139456605,-0.016009443884018534,126114.69324643539,-0.002529982994201307
2025-07-08,0.0,0,0.48808587,20261007_000631,1524.43505859375,1505.9942626953125,-0.012096806482165712,0,0.0,0.0,-0.0,-0.012096806482165712,120739.57856989521,124273.89988264746,122704.00139456605,-0.016009443884018534,126114.69324643539,-0.01459618476168289
2025-07-09,0.0,0,0.48711842,20261007_000631,1505.9942626953125,1504.209716796875,-0.00118496195014961,0,0.0,0.0,-0.0,-0.00118496195014961,120739.57856989521,124126.64003988983,122704.00139456605,-0.016009443884018534,126114.69324643539,-0.01576385078827248
2025-07-10,0.0,0,0.48009303,20261007_000631,1504.209716796875,1482.3980712890625,-0.014500401948113417,0,0.0,0.0,-0.0,-0.014500401948113417,120739.57856989521,122326.75386684264,122704.00139456605,-0.016009443884018534,126114.69324643539,-0.0300356705637058
2025-07-11,0.0,0,0.4754564,20261007_000631,1482.3980712890625,1470.9964599609375,-0.007691329035668826,0,0.0,0.0,-0.0,-0.007691329035668826,120739.57856989521,121385.89855298748,122704.00139456605,-0.016009443884018534,126114.69324643539,-0.03749598537426225
2025-07-14,1.0,0,0.47176394,20261007_000631,1470.9964599609375,1472.6820068359375,0.0011458537942672375,0,0.0,0.0,0.0,0.0011458537942672375,120739.57856989521,121524.98904541496,122704.00139456605,-0.016009443884018534,126114.69324643539,-0.03639309649710589
2025-07-15,1.0,0,0.47608802,20261007_000631,1472.6820068359375,1472.8802490234375,0.0001346130302264381,0,0.0,0.0,0.0,0.0001346130302264381,120739.57856989521,121541.3478924386,122704.00139456605,-0.016009443884018534,126114.69324643539,-0.03626338245187821
2025-07-16,0.0,0,0.46955338,20261007_000631,1472.8802490234375,1463.759033203125,-0.006192774888766461,0,0.0,0.0,-0.0,-0.006192774888766461,120739.57856989521,120788.66968526348,122704.00139456605,-0.016009443884018534,126114.69324643539,-0.04223158637641495
2025-07-17,0.0,0,0.46913943,20261007_000631,1463.759033203125,1463.3624267578125,-0.00027095063894810867,0,0.0,0.0,-0.0,-0.00027095063894810867,120739.57856989521,120755.94191803456,122704.00139456605,-0.016009443884018534,126114.69324643539,-0.04249109434005062
2025-07-18,0.0,0,0.46762365,20261007_000631,1463.3624267578125,1416.3682861328125,-0.03211380842210021,0,0.0,0.0,-0.0,-0.03211380842210021,120739.57856989521,116878.00873344853,122704.00139456605,-0.016009443884018534,126114.69324643539,-0.07324035189886911
2025-07-21,0.0,0,0.46110263,20261007_000631,1416.3682861328125,1400.70361328125,-0.011059745551301958,0,0.0,0.0,-0.0,-0.011059745551301958,120739.57856989521,115585.36769631376,122704.00139456605,-0.016009443884018534,126114.69324643539,-0.08349007779408164
2025-07-22,1.0,0,0.4766104,20261007_000631,1400.70361328125,1412.4024658203125,0.008352125623248163,0,0.0,0.0,0.0,0.008352125623248163,120739.57856989521,116550.7512075227,122704.00139456605,-0.016009443884018534,126114.69324643539,-0.0758352717888644
2025-07-23,0.0,1,0.51164526,20261007_000631,1412.4024658203125,1390.8883056640625,-0.015232315630201554,1,1.0,0.0015,-0.016732315630201555,-0.015232315630201554,118719.32583220622,114775.41337819262,122704.00139456605,-0.03247388444608858,126114.69324643539,-0.08991244062327583
2025-07-24,0.0,0,0.4799741,20261007_000631,1390.8883056640625,1379.7841796875,-0.007983477847461673,0,1.0,0.0015,-0.0015,-0.007983477847461673,118541.2468434579,113859.10640805456,122704.00139456605,-0.03392517361941946,126114.69324643539,-0.09717810449281039
2025-07-25,0.0,0,0.49519598,20261007_000631,1379.7841796875,1375.7193603515625,-0.002945981984557977,0,0.0,0.0,-0.0,-0.002945981984557977,118541.2468434579,113523.67953179857,122704.00139456605,-0.03392517361941946,126114.69324643539,-0.09983780153223902
2025-07-28,1.0,1,0.50049746,20261007_000631,1375.7193603515625,1404.966796875,0.02125974044296597,1,1.0,0.0015,0.019759740442965967,0.02125974044296597,120883.5911128702,115937.16349277506,122704.00139456605,-0.014835785801655727,126114.69324643539,-0.08070058683624477
2025-07-29,0.0,0,0.4721498,20261007_000631,1404.966796875,1398.0267333984375,-0.004939663693119933,0,1.0,0.0015,-0.0015,-0.004939663693119933,120702.26572620089,115364.47289558648,122704.00139456605,-0.0163135321229533,126114.69324643539,-0.08524161677055625
2025-07-30,0.0,0,0.49060145,20261007_000631,1398.0267333984375,1378.2969970703125,-0.01411256012262685,0,0.0,0.0,-0.0,-0.01411256012262685,120702.26572620089,113736.38483583237,122704.00139456605,-0.0163135321229533,126114.69324643539,-0.09815119945155863
2025-07-31,1.0,0,0.46981475,20261007_000631,1378.2969970703125,1381.76708984375,0.002517666933043783,0,0.0,0.0,0.0,0.002517666933043783,120702.26572620089,114022.73517101748,122704.00139456605,-0.0163135321229533,126114.69324643539,-0.09588064454781269
2025-08-01,1.0,0,0.49271148,20261007_000631,1381.76708984375,1399.4146728515625,0.012771749405182442,0,0.0,0.0,0.0,0.012771749405182442,120702.26572620089,115479.00497111521,122704.00139456605,-0.0163135321229533,126114.69324643539,-0.08433345870760221
2025-08-04,0.0,1,0.5092596,20261007_000631,1399.4146728515625,1379.7841796875,-0.014027645661354837,1,1.0,0.0015,-0.015527645661354837,-0.014027645661354837,118828.04371348175,113859.10640805456,122704.00139456605,-0.03158786703801777,126114.69324643539,-0.09717810449281039
2025-08-05,1.0,0,0.4859727,20261007_000631,1379.7841796875,1380.8748779296875,0.0007904846701709545,0,1.0,0.0015,-0.0015,0.0007904846701709545,118649.80164791152,113949.1102862295,122704.00139456605,-0.0330404852374608,126114.69324643539,-0.09646443762451726
2025-08-06,0.0,0,0.49326265,20261007_000631,1380.8748779296875,1377.50390625,-0.002441185464059914,0,0.0,0.0,-0.0,-0.002441185464059914,118649.80164791152,113670.9393745562,122704.00139456605,-0.0330404852374608,126114.69324643539,-0.09867013550564943
2025-08-07,0.0,0,0.47734907,20261007_000631,1377.50390625,1356.0888671875,-0.015546263763997925,0,0.0,0.0,-0.0,-0.015546263763997925,118649.80164791152,111903.78096873792,122704.00139456605,-0.0330404852374608,126114.69324643539,-0.1126824473174472
2025-08-08,1.0,0,0.4819129,20261007_000631,1356.0888671875,1374.331298828125,0.01345223906930193,0,0.0,0.0,0.0,0.01345223906930193,118649.80164791152,113409.13738308818,122704.00139456605,-0.0330404852374608,126114.69324643539,-0.10074603946837361
2025-08-11,0.0,0,0.48886475,20261007_000631,1374.331298828125,1368.5810546875,-0.004184030550368867,0,0.0,0.0,-0.0,-0.004184030550368867,118649.80164791152,112934.63008758635,122704.00139456605,-0.0330404852374608,126114.69324643539,-0.10450854551177817
2025-08-12,1.0,0,0.47086892,20261007_000631,1368.5810546875,1370.7620849609375,0.00159364347911084,0,0.0,0.0,0.0,0.00159364347911084,118649.80164791152,113114.60762439122,122704.00139456605,-0.0330404852374608,126114.69324643539,-0.10308145139473357
2025-08-13,0.0,1,0.50338155,20261007_000631,1370.7620849609375,1367.4774169921875,-0.002396234915443829,1,1.0,0.0015,-0.003896234915443829,-0.002396234915443829,118187.51414802045,112843.55845215492,122704.00139456605,-0.03680798666069917,126114.69324643539,-0.10523067893721082
2025-08-14,1.0,0,0.49488398,20261007_000631,1367.4774169921875,1375.3409423828125,0.005750387752597064,0,1.0,0.0015,-0.0015,0.005750387752597064,118010.23287679841,113492.45266863765,122704.00139456605,-0.03825277468070814,126114.69324643539,-0.10008540839197184
2025-08-18,1.0,1,0.513523,20261007_000631,1375.3409423828125,1413.564208984375,0.0277918481328272,1,1.0,0.0015,0.0262918481328272,0.0277918481328272,121112.93999771477,116646.61767742652,122704.00139456605,-0.012966662690445377,126114.69324643539,-0.07507511872948622
2025-08-19,0.0,0,0.49811965,20261007_000631,1413.564208984375,1406.4969482421875,-0.004999603624136206,0,1.0,0.0015,-0.0015,-0.004999603624136206,120931.2705877182,116063.43082494324,122704.00139456605,-0.014447212696409676,126114.69324643539,-0.07969937651793994
2025-08-20,1.0,1,0.5117181,20261007_000631,1406.4969482421875,1418.24267578125,0.008351050852788644,1,1.0,0.0015,0.006851050852788644,0.008351050852788644,121759.77687220699,117032.68243791146,122704.00139456605,-0.0076951404324853015,126114.69324643539,-0.07201389921138816
2025-08-21,0.0,1,0.5242744,20261007_000631,1418.24267578125,1402.71435546875,-0.010948986783200665,1,0.0,0.0,-0.010948986783200665,-0.010948986783200665,120426.63068450772,115751.29314469623,122704.00139456605,-0.018559873224795916,126114.69324643539,-0.08217440676391667
2025-08-22,1.0,0,0.4969266,20261007_000631,1402.71435546875,1406.0987548828125,0.002412750251587381,0,1.0,0.0015,-0.0015,0.002412750251587381,120245.99073848096,116030.57210635266,122704.00139456605,-0.02003203341495868,126114.69324643539,-0.07995992283292301
2025-08-25,0.0,1,0.5049845,20261007_000631,1406.0987548828125,1378.5262451171875,-0.019609227068779322,1,1.0,0.0015,-0.021109227068779324,-0.019609227068779322,117707.69081587202,113755.30227099881,122704.00139456605,-0.040718399741732386,126114.69324643539,-0.0980011976184695
2025-08-26,1.0,0,0.4640703,20261007_000631,1378.5262451171875,1379.521728515625,0.0007221359781603987,0,1.0,0.0015,-0.0015,0.0007221359781603987,117531.12927964822,113837.44906747522,122704.00139456605,-0.042157322142119744,126114.69324643539,-0.09734983183101217
2025-08-28,0.0,0,0.46478805,20261007_000631,1379.521728515625,1350.9537353515625,-0.02070862138199292,0,0.0,0.0,-0.0,-0.02070862138199292,117531.12927964822,111480.03243564497,122704.00139456605,-0.042157322142119744,126114.69324643539,-0.11604247240401597
2025-08-29,0.0,0,0.46076062,20261007_000631,1350.9537353515625,1347.6689453125,-0.0024314600515965568,0,0.0,0.0,-0.0,-0.0024314600515965568,117531.12927964822,111208.97319022703,122704.00139456605,-0.042157322142119744,126114.69324643539,-0.11819177981967353
2025-09-01,1.0,0,0.47338995,20261007_000631,1347.6689453125,1360.2109375,0.009306434069823899,0,0.0,0.0,0.0,0.009306434069823899,117531.12927964822,112243.93216719468,122704.00139456605,-0.042157322142119744,126114.69324643539,-0.10998528975633663
2025-09-02,1.0,0,0.4685318,20261007_000631,1360.2109375,1366.2828369140625,0.004463939560155561,0,0.0,0.0,0.0,0.004463939560155561,117531.12927964822,112744.98229638323,122704.00139456605,-0.042157322142119744,126114.69324643539,-0.10601231788215966
2025-09-03,0.0,0,0.49325654,20261007_000631,1366.2828369140625,1353.0440673828125,-0.009689625876550978,0,0.0,0.0,-0.0,-0.009689625876550978,117531.12927964822,111652.52559847292,122704.00139456605,-0.042157322142119744,126114.69324643539,-0.11467472406012647
2025-09-04,1.0,0,0.48076794,20261007_000631,1353.0440673828125,1368.671875,0.011550109855192225,0,0.0,0.0,0.0,0.011550109855192225,117531.12927964822,112942.12453474494,122704.00139456605,-0.042157322142119744,126114.69324643539,-0.10444911986544253
2025-09-05,1.0,1,0.5083005,20261007_000631,1368.671875,1372.15576171875,0.0025454506535760313,1,1.0,0.0015,0.0010454506535760313,0.0025454506535760313,117654.00227556915,113229.61313945819,122704.00139456605,-0.04115594488853026,126114.69324643539,-0.10216953929229332
2025-09-08,0.0,0,0.4980075,20261007_000631,1372.15576171875,1369.8662109375,-0.001668579358936717,0,1.0,0.0015,-0.0015,-0.001668579358936717,117477.5212721558,113040.6805441533,122704.00139456605,-0.04259421097119736,126114.69324643539,-0.10366764066685479
2025-09-09,1.0,1,0.5006286,20261007_000631,1369.8662109375,1370.66259765625,0.0005813609478000359,1,1.0,0.0015,-0.0009186390521999641,0.0005813609478000359,117369.60183335956,113106.39798133442,122704.00139456605,-0.04347372131780149,126114.69324643539,-0.10314654803688901
2025-09-10,1.0,1,0.51164156,20261007_000631,1370.66259765625,1376.9337158203125,0.004575245705825681,1,0.0,0.0,0.004575245705825681,0.004575245705825681,117906.5966001421,113623.88754299992,122704.00139456605,-0.039097378568751354,126114.69324643539,-0.09904322313203995
2025-09-11,1.0,1,0.50094277,20261007_000631,1376.9337158203125,1388.579833984375,0.008458009292861446,1,0.0,0.0,0.008458009292861446,0.008458009292861446,118903.85168987578,114584.91943972967,122704.00139456605,-0.030970055267150853,126114.69324643539,-0.09142292234082415
2025-09-12,1.0,1,0.51603717,20261007_000631,1388.579833984375,1392.8599853515625,0.0030823948774383325,1,0.0,0.0,0.0030823948774383325,0.0030823948774383325,119270.36031323235,114938.11540844236,122704.00139456605,-0.027983122329421913,126114.69324643539,-0.0886223290108897
2025-09-15,1.0,1,0.5049051,20261007_000631,1392.8599853515625,1398.8323974609375,0.004287876866437168,1,0.0,0.0,0.004287876866437168,0.004287876866437168,119781.77693207108,115430.9558945741,122704.00139456605,-0.02381523364587178,126114.69324643539,-0.08471445377886816
2025-09-16,1.0,1,0.5190308,20261007_000631,1398.8323974609375,1407.2933349609375,0.0060485713051525725,1,0.0,0.0,0.0060485713051525725,0.0060485713051525725,120506.2855509026,116129.14826212435,122704.00139456605,-0.017910710479575077,126114.69324643539,-0.07917828388797417
2025-09-17,1.0,1,0.5136604,20261007_000631,1407.2933349609375,1408.4876708984375,0.0008486758999204369,1,0.0,0.0,0.0008486758999204369,0.0008486758999204369,120608.55633123856,116227.70427153271,122704.00139456605,-0.01707723496798923,126114.69324643539,-0.07839680468938642
2025-09-18,0.0,1,0.5230684,20261007_000631,1408.4876708984375,1400.9227294921875,-0.005370967430211482,1,0.0,0.0,-0.005370967430211482,-0.005370967430211482,119960.77170337866,115603.44905740205,122704.00139456605,-0.022356481125389523,126114.69324643539,-0.08334670543497866
2025-09-19,0.0,0,0.4889321,20261007_000631,1400.9227294921875,1384.199951171875,-0.01193697408733907,0,1.0,0.0015,-0.0015,-0.01193697408733907,119780.8305458236,114223.49368159684,122704.00139456605,-0.02382294640370139,126114.69324643539,-0.09428877205927512
2025-09-22,0.0,0,0.48975122,20261007_000631,1384.199951171875,1383.40380859375,-0.0005751644315916682,0,0.0,0.0,-0.0,-0.0005751644315916682,119780.8305458236,114157.79639077903,122704.00139456605,-0.02382294640370139,126114.69324643539,-0.09480970494288002
2025-09-23,0.0,0,0.47711807,20261007_000631,1383.40380859375,1376.635009765625,-0.004892858315176718,0,0.0,0.0,-0.0,-0.004892858315176718,119780.8305458236,113599.23846746616,122704.00139456605,-0.02382294640370139,126114.69324643539,-0.09923867280486746
2025-09-24,0.0,0,0.48023462,20261007_000631,1376.635009765625,1366.0838623046875,-0.007664448009885971,0,0.0,0.0,-0.0,-0.007664448009885971,119780.8305458236,112728.56301026963,122704.00139456605,-0.02382294640370139,126114.69324643539,-0.1061425111664704
2025-09-25,1.0,0,0.46349782,20261007_000631,1366.0838623046875,1371.2598876953125,0.0037889514205171615,0,0.0,0.0,0.0,0.0037889514205171615,119780.8305458236,113155.68605922026,122704.00139456605,-0.02382294640370139,126114.69324643539,-0.10275572856441464
2025-09-26,0.0,0,0.47136015,20261007_000631,1371.2598876953125,1366.48193359375,-0.0034843534361621575,0,0.0,0.0,-0.0,-0.0034843534361621575,119780.8305458236,112761.41165567852,122704.00139456605,-0.02382294640370139,126114.69324643539,-0.10588204472466813
2025-09-29,0.0,0,0.46583855,20261007_000631,1366.48193359375,1357.722412109375,-0.006410272444172027,0,0.0,0.0,-0.0,-0.006410272444172027,119780.8305458236,112038.58028577617,122704.00139456605,-0.02382294640370139,126114.69324643539,-0.11161358441520908
2025-09-30,1.0,0,0.46299508,20261007_000631,1357.722412109375,1362.4007568359375,0.003445729911237372,0,0.0,0.0,0.0,0.003445729911237372,119780.8305458236,112424.63497307945,122704.00139456605,-0.02382294640370139,126114.69324643539,-0.10855244477029158
2025-10-01,0.0,0,0.4772798,20261007_000631,1362.4007568359375,1357.125244140625,-0.0038722179717254335,0,0.0,0.0,-0.0,-0.0038722179717254335,119780.8305458236,111989.302281072,122704.00139456605,-0.02382294640370139,126114.69324643539,-0.11200432401450289
2025-10-03,1.0,0,0.47580102,20261007_000631,1357.125244140625,1368.671875,0.008508154209957652,0,0.0,0.0,0.0,0.008508154209957652,119780.8305458236,112942.12453474493,122704.00139456605,-0.02382294640370139,126114.69324643539,-0.10444911986544264
2025-10-06,1.0,1,0.5007262,20261007_000631,1368.671875,1378.4267578125,0.00712726183001311,1,1.0,0.0015,0.00562726183001311,0.00712726183001311,120454.86864152137,113747.09262794201,122704.00139456605,-0.018329742530664328,126114.69324643539,-0.09806629426062492
2025-10-07,0.0,1,0.5033157,20261007_000631,1378.4267578125,1361.1068115234375,-0.012565010212474692,1,0.0,0.0,-0.012565010212474692,-0.012565010212474692,118941.35198689837,112317.8592474326,122704.00139456605,-0.030664439341049107,126114.69324643539,-0.10939910048421542
2025-10-08,1.0,0,0.49809447,20261007_000631,1361.1068115234375,1371.458984375,0.007605702038898432,0,1.0,0.0015,-0.0015,0.007605702038898432,118762.93995891802,113172.1154185155,122704.00139456605,-0.03211844268203752,126114.69324643539,-0.10262545540692346
2025-10-09,1.0,1,0.514657,20261007_000631,1371.458984375,1375.3409423828125,0.0028305316105254885,1,1.0,0.0015,0.0013305316105254885,0.0028305316105254885,118920.9578046923,113492.45266863765,122704.00139456605,-0.0308306456747814,126114.69324643539,-0.10008540839197184
2025-10-10,0.0,1,0.5175756,20261007_000631,1375.3409423828125,1368.671875,-0.0048490284679943985,1,0.0,0.0,-0.0048490284679943985,-0.0048490284679943985,118344.30669485619,112942.12453474493,122704.00139456605,-0.03553017546421209,126114.69324643539,-0.10444911986544264
2025-10-13,1.0,0,0.4849975,20261007_000631,1368.671875,1369.5677490234375,0.0006545571950453688,0,1.0,0.0015,-0.0015,0.0006545571950453688,118166.79023481392,113016.05161498285,122704.00139456605,-0.03697688020101567,126114.69324643539,-0.10386293059332143
2025-10-14,0.0,0,0.48421085,20261007_000631,1369.5677490234375,1367.97509765625,-0.001162886150263942,0,0.0,0.0,-0.0,-0.001162886150263942,118166.79023481392,112884.62681380227,122704.00139456605,-0.03697688020101567,126114.69324643539,-0.10490503598007254
2025-10-15,1.0,1,0.51620144,20261007_000631,1367.97509765625,1391.8646240234375,0.017463421964418302,1,1.0,0.0015,0.0159634219644183,0.017463421964418302,120053.13656951315,114855.97868514758,122704.00139456605,-0.021603735778173955,126114.69324643539,-0.0892736149251668
2025-10-16,1.0,1,0.5083539,20261007_000631,1391.8646240234375,1410.279541015625,0.013230393728203227,1,0.0,0.0,0.013230393728203227,0.013230393728203227,121641.48683463356,116375.5685051902,122704.00139456605,-0.00865916798031611,126114.69324643539,-0.07722434627196358
2025-10-17,1.0,0,0.49411812,20261007_000631,1410.279541015625,1460.04931640625,0.035290716445324666,0,1.0,0.0015,-0.0015,0.035290716445324666,121459.02460438163,120482.54569447032,122704.00139456605,-0.010146179228345448,126114.69324643539,-0.04465893233359835
2025-10-20,0.0,1,0.5075441,20261007_000631,1460.04931640625,1458.4566650390625,-0.0010908202546936474,1,1.0,0.0015,-0.0025908202546936474,-0.0010908202546936474,121144.34610332128,120351.12089328974,122704.00139456605,-0.012710712556386408,126114.69324643539,-0.04570103772034947
2025-10-21,0.0,1,0.5424463,20261007_000631,1458.4566650390625,1441.7340087890625,-0.0114659946029676,1,0.0,0.0,-0.0114659946029676,-0.0114659946029676,119755.30568472054,118971.17559066619,122704.00139456605,-0.024030966197782735,126114.69324643539,-0.056643024471465485
2025-10-23,1.0,1,0.5357024,20261007_000631,1441.7340087890625,1444.9193115234375,0.002209355342217556,1,0.0,0.0,0.002209355342217556,0.002209355342217556,120019.88770909398,119234.02519302732,122704.00139456605,-0.021874703799112896,126114.69324643539,-0.05455881369796336
2025-10-24,1.0,1,0.5074113,20261007_000631,1444.9193115234375,1477.2696533203125,0.022389029988648,1,0.0,0.0,0.022389029988648,0.022389029988648,122707.01657424706,121903.55935874121,122707.01657424706,0.0,126114.69324643539,-0.03339130262534418
2025-10-27,1.0,0,0.49721006,20261007_000631,1477.2696533203125,1480.056884765625,0.0018867452120525652,0,1.0,0.0015,-0.0015,0.0018867452120525652,122522.95604938568,122133.5603156935,122707.01657424706,-0.0015000000000000113,126114.69324643539,-0.0315675582936441
2025-10-28,1.0,0,0.49228448,20261007_000631,1480.056884765625,1497.277099609375,0.01163483310742941,0,0.0,0.0,0.0,0.01163483310742941,122522.95604938568,123554.56390678274,122707.01657424706,-0.0015000000000000113,126114.69324643539,-0.020300008458570364
2025-10-29,0.0,0,0.49873772,20261007_000631,1497.277099609375,1481.6494140625,-0.010437403705000348,0,0.0,0.0,-0.0,-0.010437403705000348,122522.95604938568,122264.97504369238,122707.01657424706,-0.0015000000000000113,126114.69324643539,-0.030525532780073757
2025-10-30,0.0,0,0.49068296,20261007_000631,1481.6494140625,1479.5592041015625,-0.0014107318108448341,0,0.0,0.0,-0.0,-0.0014107318108448341,122522.95604938568,122092.4919540461,122707.01657424706,-0.0015000000000000113,126114.69324643539,-0.03189320125078271
2025-10-31,0.0,0,0.48607093,20261007_000631,1479.5592041015625,1477.866943359375,-0.0011437600722541408,0,0.0,0.0,-0.0,-0.0011437600722541408,122522.95604938568,121952.84743662704,122707.01657424706,-0.0015000000000000113,126114.69324643539,-0.03300048315286993
2025-11-03,0.0,0,0.482803,20261007_000631,1477.866943359375,1466.3203125,-0.0078130381840249,0,0.0,0.0,-0.0,-0.0078130381840249,122522.95604938568,121000.02518295412,122707.01657424706,-0.0015000000000000113,126114.69324643539,-0.04055568730193007
2025-11-04,1.0,0,0.48529896,20261007_000631,1466.3203125,1489.2144775390625,0.015613345081491259,0,0.0,0.0,0.0,0.015613345081491259,122522.95604938568,122889.24033100472,122707.01657424706,-0.0015000000000000113,126114.69324643539,-0.02557555216130086
2025-11-06,0.0,0,0.4813594,20261007_000631,1489.2144775390625,1471.19775390625,-0.012098138921255441,0,0.0,0.0,-0.0,-0.012098138921255441,122522.95604938568,121402.50922955268,122707.01657424706,-0.0015000000000000113,126114.69324643539,-0.03736427449952104
2025-11-07,1.0,0,0.48748326,20261007_000631,1471.19775390625,1482.44580078125,0.007645503023053557,0,0.0,0.0,0.0,0.007645503023053557,122522.95604938568,122330.69248087352,122707.01657424706,-0.0015000000000000113,126114.69324643539,-0.030004440150107746
2025-11-10,1.0,0,0.49013886,20261007_000631,1482.44580078125,1486.5269775390625,0.0027530023395538894,0,0.0,0.0,0.0,0.0027530023395538894,122522.95604938568,122667.4691634726,122707.01657424706,-0.0015000000000000113,126114.69324643539,-0.027334040104484175
2025-11-11,1.0,0,0.4896227,20261007_000631,1486.5269775390625,1504.5435791015625,0.01211992909292925,0,0.0,0.0,0.0,0.01211992909292925,122522.95604938568,124154.19019174296,122707.01657424706,-0.0015000000000000113,126114.69324643539,-0.015545397639444663
2025-11-12,0.0,0,0.49648267,20261007_000631,1504.5435791015625,1503.9464111328125,-0.00039690971869799085,0,0.0,0.0,-0.0,-0.00039690971869799085,122522.95604938568,124104.91218703879,122707.01657424706,-0.0015000000000000113,126114.69324643539,-0.015936137238738476
2025-11-13,1.0,1,0.5013173,20261007_000631,1503.9464111328125,1511.9095458984375,0.005294826136542197,1,1.0,0.0015,0.0037948261365421967,0.005294826136542197,122987.90936532829,124762.02611975999,122987.90936532829,0.0,126114.69324643539,-0.010725690178163529
2025-11-14,0.0,0,0.4999318,20261007_000631,1511.9095458984375,1511.3123779296875,-0.0003949759893837612,0,1.0,0.0015,-0.0015,-0.0003949759893837612,122803.4275012803,124712.74811505582,122987.90936532829,-0.0015000000000000083,126114.69324643539,-0.01111642977745734
2025-11-17,1.0,1,0.51215196,20261007_000631,1511.3123779296875,1512.4072265625,0.0007244356949636099,1,1.0,0.0015,-0.0007755643050363901,0.0007244356949636099,122708.1855463742,124803.09448140736,122987.90936532829,-0.0022744009585787157,126114.69324643539,-0.010400047221025149
2025-11-18,0.0,0,0.48398286,20261007_000631,1512.4072265625,1511.9095458984375,-0.0003290652512906167,0,1.0,0.0015,-0.0015,-0.0003290652512906167,122524.12326805464,124762.02611975999,122987.90936532829,-0.0037709893571408184,126114.69324643539,-0.010725690178163529
2025-11-19,1.0,0,0.49569178,20261007_000631,1511.9095458984375,1541.9705810546875,0.019882826481121718,0,0.0,0.0,0.0,0.019882826481121718,122524.12326805464,127242.64783653236,122987.90936532829,-0.0037709893571408184,127242.64783653236,0.0
2025-11-20,0.0,0,0.49401885,20261007_000631,1541.9705810546875,1539.4820556640625,-0.001613860485537244,0,0.0,0.0,-0.0,-0.001613860485537244,122524.12326805464,127037.29595511386,122987.90936532829,-0.0037709893571408184,127242.64783653236,-0.0016138604855371098
2025-11-21,0.0,0,0.48164612,20261007_000631,1539.4820556640625,1528.831298828125,-0.006918402716518335,0,0.0,0.0,-0.0,-0.006918402716518335,122524.12326805464,126158.40078167887,122987.90936532829,-0.0037709893571408184,127242.64783653236,-0.008521097865288176
2025-11-24,1.0,0,0.48419222,20261007_000631,1528.831298828125,1532.61376953125,0.0024740929270772316,0,0.0,0.0,0.0,0.0024740929270772316,122524.12326805464,126470.52838874418,122987.90936532829,-0.0037709893571408184,127242.64783653236,-0.006068086926170507
2025-11-25,1.0,0,0.48650426,20261007_000631,1532.61376953125,1562.6748046875,0.019614227507197768,0,0.0,0.0,0.0,0.019614227507197768,122524.12326805464,128951.15010551653,122987.90936532829,-0.0037709893571408184,128951.15010551653,0.0
2025-11-26,0.0,0,0.4888792,20261007_000631,1562.6748046875,1556.2047119140625,-0.004140396168178739,0,0.0,0.0,-0.0,-0.004140396168178739,122524.12326805464,128417.24125773739,122987.90936532829,-0.0037709893571408184,128951.15010551653,-0.004140396168178858
2025-11-27,1.0,0,0.49073073,20261007_000631,1556.2047119140625,1560.285888671875,0.002622519213936192,0,0.0,0.0,0.0,0.002622519213936192,122524.12326805464,128754.01794033649,122987.90936532829,-0.0037709893571408184,128951.15010551653,-0.001528735222747003
2025-11-28,0.0,0,0.48950535,20261007_000631,1560.285888671875,1558.892333984375,-0.0008931406081523763,0,0.0,0.0,-0.0,-0.0008931406081523763,122524.12326805464,128639.0224984512,122987.90936532829,-0.0037709893571408184,128951.15010551653,-0.0024205104553927737
2025-12-01,0.0,0,0.48687625,20261007_000631,1558.892333984375,1539.1834716796875,-0.012642863060538412,0,0.0,0.0,-0.0,-0.012642863060538412,122524.12326805464,127012.65695276175,122987.90936532829,-0.0037709893571408184,128951.15010551653,-0.015032771333707132
2025-12-02,0.0,0,0.4858957,20261007_000631,1539.1834716796875,1531.718017578125,-0.004850269145247221,0,0.0,0.0,-0.0,-0.004850269145247221,122524.12326805464,126396.61138168792,122987.90936532829,-0.0037709893571408184,128951.15010551653,-0.01981012749198677
2025-12-03,0.0,0,0.47700837,20261007_000631,1531.718017578125,1528.53271484375,-0.002079562098127874,0,0.0,0.0,-0.0,-0.002079562098127874,122524.12326805464,126133.76177932676,122987.90936532829,-0.0037709893571408184,128951.15010551653,-0.021848493199823304
2025-12-04,1.0,0,0.4874773,20261007_000631,1528.53271484375,1533.5096435546875,0.003256017134998901,0,0.0,0.0,0.0,0.003256017134998901,122524.12326805464,126544.45546898212,122987.90936532829,-0.0037709893571408184,128951.15010551653,-0.01866361513305686
2025-12-05,1.0,0,0.483372,20261007_000631,1533.5096435546875,1535.898681640625,0.001557889183141814,0,0.0,0.0,0.0,0.001557889183141814,122524.12326805464,126741.59770734381,122987.90936532829,-0.0037709893571408184,128951.15010551653,-0.017134801794049234
2025-12-08,0.0,0,0.47267795,20261007_000631,1535.898681640625,1522.3612060546875,-0.008814042063944538,0,0.0,0.0,-0.0,-0.008814042063944538,122524.12326805464,125624.49193389976,122987.90936532829,-0.0037709893571408184,128951.15010551653,-0.025797816994223587
2025-12-09,1.0,0,0.47055504,20261007_000631,1522.3612060546875,1529.8267822265625,0.004903945359473916,0,0.0,0.0,0.0,0.004903945359473916,122524.12326805464,126240.54757815527,122987.90936532829,-0.0037709893571408184,128951.15010551653,-0.021020382719683102
2025-12-10,1.0,0,0.47235793,20261007_000631,1529.8267822265625,1537.889404296875,0.005270284298839245,0,0.0,0.0,0.0,0.005270284298839245,122524.12326805464,126905.87115393329,122987.90936532829,-0.0037709893571408184,128951.15010551653,-0.015860881813846994
2025-12-11,1.0,0,0.48058096,20261007_000631,1537.889404296875,1549.3365478515625,0.007443411420030577,0,0.0,0.0,0.0,0.007443411420030577,122524.12326805464,127850.4837645494,122987.90936532829,-0.0037709893571408184,128951.15010551653,-0.008535529462641408
2025-12-12,0.0,0,0.48502645,20261007_000631,1549.3365478515625,1549.037841796875,-0.00019279610688960336,0,0.0,0.0,-0.0,-0.00019279610688960336,122524.12326805464,127825.83468901562,122987.90936532829,-0.0037709893571408184,128951.15010551653,-0.00872667995268049
2025-12-15,0.0,0,0.48099095,20261007_000631,1549.037841796875,1535.201904296875,-0.008931955777110256,0,0.0,0.0,-0.0,-0.008931955777110256,122524.12326805464,126684.09998640114,122987.90936532829,-0.0037709893571408184,128951.15010551653,-0.017580689410372344
2025-12-16,1.0,0,0.47427392,20261007_000631,1535.201904296875,1537.292236328125,0.0013616007284771303,0,0.0,0.0,0.0,0.0013616007284771303,122524.12326805464,126856.59314922908,122987.90936532829,-0.0037709893571408184,128951.15010551653,-0.016243026561403574
2025-12-17,0.0,0,0.47634462,20261007_000631,1537.292236328125,1537.292236328125,0.0,0,0.0,0.0,0.0,0.0,122524.12326805464,126856.59314922908,122987.90936532829,-0.0037709893571408184,128951.15010551653,-0.016243026561403574
2025-12-18,1.0,0,0.47404632,20261007_000631,1537.292236328125,1557.8968505859375,0.013403186310904314,0,0.0,0.0,0.0,0.013403186310904314,122524.12326805464,128556.87570197479,122987.90936532829,-0.0037709893571408184,128951.15010551653,-0.003057548561754741
2025-12-19,1.0,0,0.48577344,20261007_000631,1557.8968505859375,1568.1495361328125,0.00658110679344337,0,0.0,0.0,0.0,0.00658110679344337,122524.12326805464,129402.9222300009,122987.90936532829,-0.0037709893571408184,129402.9222300009,0.0
2025-12-22,0.0,0,0.48575386,20261007_000631,1568.1495361328125,1563.4710693359375,-0.002983431547231463,0,0.0,0.0,-0.0,-0.002983431547231463,122524.12326805464,129016.85746951596,122987.90936532829,-0.0037709893571408184,129402.9222300009,-0.002983431547231557
2025-12-23,0.0,0,0.4899482,20261007_000631,1563.4710693359375,1551.0286865234375,-0.00795817911602592,0,0.0,0.0,-0.0,-0.00795817911602592,122524.12326805464,127990.11820878676,122987.90936532829,-0.0037709893571408184,129402.9222300009,-0.010917867980624236
2025-12-24,1.0,0,0.4840059,20261007_000631,1551.0286865234375,1552.0240478515625,0.0006417426942348925,0,0.0,0.0,0.0,0.0006417426942348925,122524.12326805464,128072.25493208152,122987.90936532829,-0.0037709893571408184,129402.9222300009,-0.010283131748402506
2025-12-26,0.0,0,0.48933938,20261007_000631,1552.0240478515625,1538.4866943359375,-0.008722386443924313,0,0.0,0.0,-0.0,-0.008722386443924313,122524.12326805464,126955.15923181911,122987.90936532829,-0.0037709893571408184,129402.9222300009,-0.018915824743363455
2025-12-29,0.0,0,0.47902963,20261007_000631,1538.4866943359375,1532.71337890625,-0.0037525936694431383,0,0.0,0.0,-0.0,-0.0037525936694431383,122524.12326805464,126478.74810498263,122987.90936532829,-0.0037709893571408184,129402.9222300009,-0.022597435008622428
2025-12-30,1.0,0,0.4694318,20261007_000631,1532.71337890625,1563.172607421875,0.019872749161595316,0,0.0,0.0,0.0,0.019872749161595316,122524.12326805464,128992.22854034556,122987.90936532829,-0.0037709893571408184,129402.9222300009,-0.0031737590046488325
2025-12-31,1.0,0,0.48540467,20261007_000631,1563.172607421875,1570.8370361328125,0.004903123733455361,0,0.0,0.0,0.0,0.004903123733455361,122524.12326805464,129624.69339753302,122987.90936532829,-0.0037709893571408184,129624.69339753302,0.0
2026-01-05,0.0,0,0.48397404,20261007_000631,1570.8370361328125,1500.6614990234375,-0.04467397667305939,0,0.0,0.0,-0.0,-0.04467397667305939,122524.12326805464,123833.84286843915,122987.90936532829,-0.0037709893571408184,129624.69339753302,-0.04467397667305937
2026-01-06,0.0,0,0.4669193,20261007_000631,1500.6614990234375,1497.277099609375,-0.0022552717026890212,0,0.0,0.0,-0.0,-0.0022552717026890212,122524.12326805464,123554.56390678273,122987.90936532829,-0.0037709893571408184,129624.69339753302,-0.046828496420311026
2026-01-07,0.0,0,0.47343376,20261007_000631,1497.277099609375,1463.831787109375,-0.022337423385908717,0,0.0,0.0,-0.0,-0.022337423385908717,122524.12326805464,120794.6733015356,122987.90936532829,-0.0037709893571408184,129624.69339753302,-0.0681198918551538
2026-01-08,1.0,0,0.46588433,20261007_000631,1463.831787109375,1468.51025390625,0.003196041265173921,0,0.0,0.0,0.0,0.003196041265173921,122524.12326805464,121180.7380620205,122987.90936532829,-0.0037709893571408184,129624.69339753302,-0.06514156457532827
2026-01-09,1.0,0,0.48145047,20261007_000631,1468.51025390625,1476.373779296875,0.0053547636931428055,0,0.0,0.0,0.0,0.0053547636931428055,122524.12326805464,121829.63227850325,122987.90936532829,-0.0037709893571408184,129624.69339753302,-0.060135618567087906
2026-01-12,0.0,0,0.46607748,20261007_000631,1476.373779296875,1446.11376953125,-0.020496171220296455,0,0.0,0.0,-0.0,-0.020496171220296455,122524.12326805464,119332.59127561728,122987.90936532829,-0.0037709893571408184,129624.69339753302,-0.07939923985279504
2026-01-13,1.0,0,0.469569,20261007_000631,1446.11376953125,1452.086181640625,0.004129973889475558,0,0.0,0.0,0.0,0.004129973889475558,122524.12326805464,119825.43176174905,122987.90936532829,-0.0037709893571408184,129624.69339753302,-0.07559718275075565
2026-01-14,0.0,0,0.4839498,20261007_000631,1452.086181640625,1362.8984375,-0.06142042068044273,0,0.0,0.0,-0.0,-0.06142042068044273,122524.12326805464,112465.70333472674,122987.90936532829,-0.0037709893571408184,129624.69339753302,-0.1323743926643906
2026-04-01,0.0,1,0.53290683,20261007_000631,1362.8984375,1344.2845458984375,-0.013657577915861752,1,1.0,0.0015,-0.015157577915861751,-0.013657577915861752,120666.95432304646,110929.6942285705,122987.90936532829,-0.018871408208001723,129624.69339753302,-0.1442240569983737
2026-04-02,0.0,0,0.4842091,20261007_000631,1344.2845458984375,1298.6953125,-0.03391338056926663,0,1.0,0.0015,-0.0015,-0.03391338056926663,120485.95389156189,107167.6932917646,122987.90936532829,-0.02034310109568974,129624.69339753302,-0.17324631223541093
2026-04-06,0.0,0,0.491393,20261007_000631,1298.6953125,1298.5958251953125,-7.660557771316245e-05,0,0.0,0.0,-0.0,-7.660557771316245e-05,120485.95389156189,107159.4836487078,122987.90936532829,-0.02034310109568974,129624.69339753302,-0.17330964617928862
2026-04-07,1.0,1,0.5252594,20261007_000631,1298.5958251953125,1341.5970458984375,0.03311362925154748,1,1.0,0.0015,0.03161362925154748,0.03311362925154748,124294.95216790876,110707.92306103838,124294.95216790876,0.0,129624.69339753302,-0.1459349282970389
2026-04-08,0.0,1,0.6540522,20261007_000631,1341.5970458984375,1323.87890625,-0.013206752133664734,1,0.0,0.0,-0.013206752133664734,-0.013206752133664734,122653.41954316146,109245.83096193842,124294.95216790876,-0.013206752133664842,129624.69339753302,-0.15721435400504052
2026-04-09,1.0,1,0.53686345,20261007_000631,1323.87890625,1343.9859619140625,0.015187987035020889,1,0.0,0.0,0.015187987035020889,0.015187987035020889,124516.27808898398,110905.05522621844,124516.27808898398,0.0,129624.69339753302,-0.1444141365403673
2026-04-10,0.0,1,0.59008145,20261007_000631,1343.9859619140625,1309.0474853515625,-0.02599616182950437,1,0.0,0.0,-0.02599616182950437,-0.02599616182950437,121279.33277337516,108021.94946284754,124516.27808898398,-0.0259961618295045,129624.69339753302,-0.1666560851059002
2026-04-13,1.0,1,0.5216703,20261007_000631,1309.0474853515625,1337.9140625,0.02205158901526394,1,0.0,0.0,0.02205158901526394,0.02205158901526394,123953.73477573908,110404.00509702986,124516.27808898398,-0.004517829490878949,129624.69339753302,-0.1482795275862844
2026-04-15,0.0,1,0.6063165,20261007_000631,1337.9140625,1337.1177978515625,-0.0005951538075245066,1,0.0,0.0,-0.0005951538075245066,-0.0005951538075245066,123879.96323853041,110338.29773303041,124516.27808898398,-0.005110294494980243,129624.69339753302,-0.14878643226838797
2026-04-16,1.0,1,0.5063669,20261007_000631,1337.1177978515625,1358.7178955078125,0.016154221932395352,1,0.0,0.0,0.016154221932395352,0.016154221932395352,125881.1476576626,112120.72708225249,125881.1476576626,0.0,129624.69339753302,-0.1350357393833856
2026-04-17,0.0,1,0.54752344,20261007_000631,1358.7178955078125,1357.0257568359375,-0.0012453936740434157,1,0.0,0.0,-0.0012453936740434157,-0.0012453936740434157,125724.37607268842,111981.0926380151,125881.1476576626,-0.0012453936740434294,129624.69339753302,-0.1361129604018311
2026-04-20,0.0,1,0.5180797,20261007_000631,1357.0257568359375,1347.07177734375,-0.00733514411354752,1,0.0,0.0,-0.00733514411354752,-0.00733514411354752,124802.16965560942,111159.69518552275,125881.1476576626,-0.008571402645513591,129624.69339753302,-0.1424496963351096
2026-04-21,1.0,1,0.5568994,20261007_000631,1347.07177734375,1355.8311767578125,0.006502548387833373,1,0.0,0.0,0.006502548387833373,0.006502548387833373,125613.70180270162,111882.51648224343,125881.1476576626,-0.0021245902181342606,129624.69339753302,-0.1368734339905274
2026-04-22,0.0,1,0.51877767,20261007_000631,1355.8311767578125,1337.21728515625,-0.013728767947403075,1,0.0,0.0,-0.013728767947403075,-0.013728767947403075,123889.18043963803,110346.50737608722,125881.1476576626,-0.0158241901594493,129624.69339753302,-0.14872309832451025
2026-04-23,0.0,0,0.49536687,20261007_000631,1337.21728515625,1321.6890869140625,-0.011612322406057696,0,1.0,0.0015,-0.0015,-0.011612322406057696,123703.34666897857,109065.12815605367,125881.1476576626,-0.01730045387421016,129624.69339753302,-0.1586084001635959
2026-04-24,1.0,0,0.48823825,20261007_000631,1321.6890869140625,1359.51416015625,0.02861873765675349,0,0.0,0.0,0.0,0.02861873765675349,123703.34666897857,112186.43444625197,125881.1476576626,-0.01730045387421016,129624.69339753302,-0.1345288347012818
2026-04-27,1.0,0,0.48843697,20261007_000631,1359.51416015625,1382.5078125,0.016913139279922884,0,0.0,0.0,0.0,0.016913139279922884,123703.34666897857,114083.85923735936,125881.1476576626,-0.01730045387421016,129624.69339753302,-0.11989100033982746
2026-04-28,1.0,0,0.4867898,20261007_000631,1382.5078125,1418.83984375,0.026279801764230504,0,0.0,0.0,0.0,0.026279801764230504,123703.34666897857,117081.96044261554,125881.1476576626,-0.01730045387421016,129624.69339753302,-0.09676191029784288
2026-04-29,1.0,1,0.5029717,20261007_000631,1418.83984375,1424.215087890625,0.0037884784278527928,1,1.0,0.0015,0.0022884784278527927,0.0037884784278527928,123986.43910928373,117525.5229240431,125881.1476576626,-0.015051567161840492,129624.69339753302,-0.09334001227979127
2026-04-30,0.0,0,0.49436188,20261007_000631,1424.215087890625,1322.0,-0.07176941794796854,0,1.0,0.0015,-0.0015,-0.07176941794796854,123800.45945061982,109090.7845497539,125881.1476576626,-0.016528989811097634,129624.69339753302,-0.158410471875183
2026-09-04,0.0,0,0.48598057,20261007_000631,1322.0,1309.5,-0.009455370650529482,0,0.0,0.0,-0.0,-0.009455370650529482,123800.45945061982,108059.29074727891,125881.1476576626,-0.016528989811097634,129624.69339753302,-0.1663680127992074
2026-09-07,0.0,0,0.47683954,20261007_000631,1309.5,1294.9000244140625,-0.011149274979715518,0,0.0,0.0,-0.0,-0.011149274979715518,123800.45945061982,106854.50800062448,125881.1476576626,-0.016528989811097634,129624.69339753302,-0.1756624050563956
2026-09-08,0.0,0,0.46908954,20261007_000631,1294.9000244140625,1279.0,-0.01227895908122889,0,0.0,0.0,-0.0,-0.01227895908122889,123800.45945061982,105542.44586923998,125881.1476576626,-0.016528989811097634,129624.69339753302,-0.1857844126538267
2026-09-09,0.0,0,0.46679547,20261007_000631,1279.0,1274.0,-0.003909304143862369,0,0.0,0.0,-0.0,-0.003909304143862369,123800.45945061982,105129.84834824999,125881.1476576626,-0.016528989811097634,129624.69339753302,-0.18896742902343644
