Feature,Importance_Mean,Importance_Std
Dist_SMA200,0.03369371156516556,0.0091616273320078
NIFTY_Return_1d,0.02038781987700844,0.009747032156517071
VIX_Change_1d,0.015969053759174724,0.006017860479716418
RSI_14,0.012561991668319705,0.00585528237422876
ROC_12,0.01191231898432843,0.004586394163018243
NIFTY_Return_5d,0.007925014878000325,0.020784409762519804
Vol_Change,0.0075976988692719296,0.004259071422438306
Return_1d,0.007290220194405839,0.006724022257395113
MACD_Ratio,0.007240626859749977,0.0008680958733204398
CO_Spread,0.007121602856576014,0.005303807164546739
BB_Width,0.004860146796270515,0.006038505281621544
Rolling_Vol_20,0.004215433445744798,0.0026505306059544185
NIFTY_Vol_20,0.0038781987700852614,0.004252020415011971
ATR_Ratio,0.003263241420353036,0.002005288564566492
Dist_SMA50,0.002876413410037637,0.004912394410158606
Return_10d,0.002578853402102688,0.0027069057890760934
Return_20d,0.0005157706804204576,0.0031379063155478172
SMA20_50_Ratio,0.0001785360047608986,0.001988587593891285
HL_Spread,9.918666931074683e-06,0.002901511012763137
VIX_Level,-0.0009323546915295467,0.0016944381276780469
Dist_SMA20,-0.0022217813925809126,0.003417178693519557
Return_5d,-0.0023408053957548747,0.002097839090213991
NIFTY_Dist_SMA50,-0.0043443761158500575,0.007380887875911961
SMA50_200_Ratio,-0.00481055346161483,0.004866923201600012
Vol_Ratio_20,-0.005346161475897682,0.007551838774442166
BB_PctB,-0.00633802816901412,0.003474564380938064
MACD_Hist_Ratio,-0.00911525490974019,0.013972631384990166
