Date,True,Pred,Prob
2017-07-27,0,0,0.19
2017-07-28,1,1,0.79
2017-07-31,0,0,0.29
2017-08-01,1,1,0.78
2017-08-02,1,1,0.78
2017-08-03,0,0,0.14
2017-08-04,0,0,0.14
2017-08-07,0,0,0.16
2017-08-08,0,0,0.15
2017-08-09,0,0,0.07
2017-08-10,0,0,0.16
2017-08-11,1,1,0.74
2017-08-14,0,0,0.2
2017-08-16,1,1,0.79
2017-08-17,1,1,0.84
2017-08-18,0,0,0.21
2017-08-21,0,0,0.19
2017-08-22,1,1,0.83
2017-08-23,0,0,0.25
2017-08-24,0,0,0.27
2017-08-28,0,0,0.17
2017-08-29,1,1,0.72
2017-08-30,1,1,0.85
2017-08-31,1,1,0.8
2017-09-01,1,1,0.86
2017-09-04,1,1,0.74
2017-09-05,1,1,0.75
2017-09-06,0,0,0.22
2017-09-07,0,0,0.25
2017-09-08,1,1,0.85
2017-09-11,1,1,0.87
2017-09-12,1,1,0.8
2017-09-13,0,0,0.2
2017-09-14,0,0,0.16
2017-09-15,1,1,0.73
2017-09-18,0,0,0.18
2017-09-19,1,1,0.82
2017-09-20,0,0,0.18
2017-09-21,0,0,0.14
2017-09-22,1,1,0.68
2017-09-25,0,0,0.13
2017-09-26,0,0,0.2
2017-09-27,0,0,0.22
2017-09-28,0,0,0.2
2017-09-29,1,1,0.87
2017-10-03,1,1,0.84
2017-10-04,1,1,0.91
2017-10-05,1,1,0.85
2017-10-06,0,0,0.25
2017-10-09,1,1,0.84
2017-10-10,0,0,0.23
2017-10-11,1,1,0.78
2017-10-12,1,1,0.87
2017-10-13,1,1,0.84
2017-10-16,0,0,0.21
2017-10-17,1,1,0.87
2017-10-18,0,0,0.19
2017-10-19,1,1,0.81
2017-10-23,0,0,0.11
2017-10-24,1,1,0.81
2017-10-25,1,1,0.8
2017-10-26,0,0,0.16
2017-10-27,1,1,0.91
2017-10-30,0,0,0.15
2017-10-31,1,1,0.81
2017-11-01,0,0,0.18
2017-11-02,0,0,0.24
2017-11-03,0,0,0.13
2017-11-06,0,0,0.14
2017-11-07,0,0,0.23
2017-11-08,1,1,0.75
2017-11-09,0,0,0.18
2017-11-10,0,0,0.22
2017-11-13,1,1,0.83
2017-11-14,0,0,0.25
2017-11-15,1,1,0.8
2017-11-16,1,1,0.82
2017-11-17,1,1,0.85
2017-11-20,1,1,0.82
2017-11-21,0,0,0.3
2017-11-22,1,1,0.82
2017-11-23,1,1,0.73
2017-11-24,1,1,0.88
2017-11-27,0,0,0.22
2017-11-28,1,1,0.76
2017-11-29,0,0,0.14
2017-11-30,0,0,0.22
2017-12-01,0,0,0.15
2017-12-04,1,1,0.7
2017-12-05,1,1,0.78
2017-12-06,1,1,0.8
2017-12-07,0,0,0.28
2017-12-08,0,0,0.12
2017-12-11,0,0,0.22
2017-12-12,0,0,0.16
2017-12-13,1,1,0.75
2017-12-14,0,0,0.15
2017-12-15,1,1,0.83
2017-12-18,1,1,0.76
2017-12-19,0,0,0.2
2017-12-20,0,0,0.14
2017-12-21,1,1,0.86
2017-12-22,1,1,0.87
2017-12-26,0,0,0.18
2017-12-27,1,1,0.73
2017-12-28,0,0,0.18
2017-12-29,0,0,0.16
2018-03-15,0,0,0.07
2018-03-16,0,0,0.22
2018-03-19,0,0,0.25
2018-03-20,1,1,0.73
2018-03-21,1,1,0.72
2018-03-22,0,0,0.2
2018-03-23,1,1,0.76
2018-03-26,0,0,0.18
2018-03-27,0,0,0.09
2018-03-28,1,1,0.76
2018-04-02,1,1,0.86
2018-04-03,0,0,0.18
2018-04-04,1,1,0.74
2018-04-05,1,1,0.92
2018-04-06,1,1,0.8
2018-04-09,1,1,0.86
2018-04-10,1,1,0.78
2018-04-11,0,0,0.16
2018-04-12,1,1,0.87
2018-04-13,0,0,0.21
2018-04-16,1,1,0.9
2018-04-17,0,0,0.24
2018-04-18,1,1,0.85
2018-04-19,0,0,0.21
2018-04-20,1,1,0.84
2018-04-23,1,1,0.84
2018-04-24,1,1,0.83
2018-04-25,1,1,0.83
2018-04-26,1,1,0.79
2018-04-27,0,0,0.18
2018-04-30,1,1,0.8
2018-05-02,0,0,0.17
2018-05-03,0,0,0.22
2018-05-04,1,1,0.78
2018-05-07,0,0,0.18
2018-05-08,1,1,0.78
2018-05-09,1,1,0.76
2018-05-10,1,1,0.86
2018-05-11,0,0,0.19
2018-05-14,0,0,0.14
2018-05-15,0,0,0.18
2018-05-16,0,0,0.11
2018-05-17,0,0,0.13
2018-05-18,0,0,0.15
2018-05-21,0,0,0.14
2018-05-22,0,0,0.17
2018-05-23,1,1,0.87
2018-05-24,1,1,0.85
2018-05-25,0,0,0.28
2018-05-28,0,0,0.25
2018-05-29,0,0,0.27
2018-05-30,1,1,0.8
2018-05-31,1,1,0.78
2018-06-01,1,1,0.84
2018-06-04,1,1,0.82
2018-06-05,1,1,0.83
2018-06-06,1,1,0.89
2018-06-07,1,1,0.82
2018-06-08,0,0,0.2
2018-06-11,1,1,0.87
2018-06-12,1,1,0.84
2018-06-13,1,1,0.79
2018-06-14,1,1,0.85
2018-06-15,1,1,0.83
2018-06-18,0,0,0.2
2018-06-19,1,1,0.71
2018-06-20,1,1,0.83
2018-06-21,0,0,0.15
2018-06-22,0,0,0.15
2018-06-25,0,0,0.13
2018-06-26,0,0,0.14
2018-06-27,0,0,0.21
2018-06-28,1,1,0.69
2018-06-29,0,0,0.22
2018-07-02,1,1,0.7
2018-07-03,1,1,0.77
2018-07-04,0,0,0.23
2018-07-05,1,1,0.82
2018-07-06,1,1,0.86
2018-07-09,1,1,0.82
2018-07-10,1,1,0.8
2018-07-11,1,1,0.87
2018-07-12,1,1,0.75
2018-07-13,0,0,0.3
2018-07-16,1,1,0.92
2018-07-17,1,1,0.74
2018-07-18,1,1,0.88
2018-07-19,1,1,0.83
2018-07-20,0,0,0.25
2018-07-23,0,0,0.28
2018-07-24,1,1,0.76
2018-07-25,0,0,0.28
2018-07-26,1,1,0.8
2018-07-27,1,1,0.84
2018-07-30,1,1,0.85
2018-07-31,1,1,0.79
2018-08-01,0,0,0.18
2018-08-02,1,1,0.8
2018-08-03,1,1,0.89
2018-08-06,0,0,0.2
2018-08-07,1,1,0.79
2018-08-08,1,1,0.74
2018-08-09,0,0,0.3
2018-08-10,0,0,0.24
2018-08-13,1,1,0.8
2018-08-14,0,0,0.2
2018-08-16,1,1,0.85
2018-08-17,1,1,0.81
2018-08-20,1,1,0.79
2018-08-21,1,1,0.89
2018-08-23,1,1,0.76
2018-08-24,1,1,0.79
2018-08-27,1,1,0.78
2018-08-28,0,0,0.16
2018-08-29,0,0,0.11
2018-08-30,0,0,0.18
2018-08-31,0,0,0.12
2018-09-03,1,1,0.81
2018-09-04,0,0,0.21
2018-09-05,1,1,0.83
2018-09-06,1,1,0.7
2018-09-07,0,0,0.22
2018-09-10,0,0,0.18
2018-09-11,1,1,0.75
2018-09-12,1,1,0.73
2018-09-14,0,0,0.15
2018-09-17,0,0,0.16
2018-09-18,0,0,0.24
2018-09-19,1,1,0.79
2018-09-21,1,1,0.88
2018-09-24,0,0,0.2
2018-09-25,1,1,0.8
2018-09-26,1,1,0.82
2018-09-27,1,1,0.8
2018-09-28,0,0,0.22
2018-10-01,0,0,0.21
2018-10-03,0,0,0.1
2018-10-04,0,0,0.24
2018-10-05,1,1,0.81
2018-10-08,0,0,0.2
2018-10-09,1,1,0.89
2018-10-10,0,0,0.26
2018-10-11,1,1,0.88
2018-10-12,1,1,0.89
2018-10-15,1,1,0.86
2018-10-16,0,0,0.27
2018-10-17,0,0,0.12
2018-10-19,0,0,0.22
2018-10-22,0,0,0.25
2018-10-23,0,0,0.2
2018-10-24,0,0,0.18
2018-10-25,1,1,0.73
2018-10-26,1,1,0.74
2018-10-29,0,0,0.14
2018-10-30,1,1,0.82
2018-10-31,0,0,0.3
2018-11-01,1,1,0.83
2018-11-02,1,1,0.84
2018-11-05,1,1,0.87
2018-11-06,1,1,0.77
2018-11-07,0,0,0.17
2018-11-09,0,0,0.23
2018-11-12,1,1,0.87
2018-11-13,0,0,0.22
2018-11-14,0,0,0.3
2018-11-15,1,1,0.91
2018-11-16,1,1,0.74
2018-11-19,0,0,0.2
2018-11-20,0,0,0.14
2018-11-21,0,0,0.19
2018-11-22,1,1,0.82
2018-11-26,1,1,0.89
2018-11-27,1,1,0.83
2018-11-28,1,1,0.86
2018-11-29,0,0,0.23
2018-11-30,0,0,0.2
2018-12-03,0,0,0.27
2018-12-04,1,1,0.83
2018-12-05,0,0,0.27
2018-12-06,1,1,0.79
2018-12-07,0,0,0.22
2018-12-10,1,1,0.78
2018-12-11,1,1,0.77
2018-12-12,0,0,0.25
2018-12-13,1,1,0.87
2018-12-14,1,1,0.78
2018-12-17,1,1,0.81
2018-12-18,1,1,0.74
2018-12-19,0,0,0.28
2018-12-20,0,0,0.23
2018-12-21,0,0,0.15
2018-12-24,1,1,0.78
2018-12-26,1,1,0.77
2018-12-27,1,1,0.85
2018-12-28,0,0,0.14
2018-12-31,1,1,0.9
2019-03-14,0,0,0.24
2019-03-15,1,1,0.84
2019-03-18,1,1,0.88
2019-03-19,0,0,0.15
2019-03-20,0,0,0.14
2019-03-22,0,0,0.12
2019-03-25,1,1,0.8
2019-03-26,0,0,0.23
2019-03-27,1,1,0.79
2019-03-28,1,1,0.75
2019-04-01,0,0,0.21
2019-04-02,0,0,0.25
2019-04-03,0,0,0.26
2019-04-04,1,1,0.73
2019-04-05,0,0,0.26
2019-04-08,1,1,0.79
2019-04-09,0,0,0.21
2019-04-10,1,1,0.75
2019-04-11,0,0,0.13
2019-04-12,0,0,0.18
2019-04-15,1,1,0.74
2019-04-16,1,1,0.89
2019-04-18,0,0,0.32
2019-04-22,1,1,0.83
2019-04-23,1,1,0.76
2019-04-24,0,0,0.29
2019-04-25,1,1,0.79
2019-04-26,0,0,0.18
2019-04-30,1,1,0.82
2019-05-02,1,1,0.82
2019-05-03,0,0,0.12
2019-05-06,0,0,0.23
2019-05-07,0,0,0.17
2019-05-08,0,0,0.13
2019-05-09,0,0,0.09
2019-05-10,0,0,0.24
2019-05-13,1,1,0.8
2019-05-14,0,0,0.31
2019-05-15,1,1,0.86
2019-05-16,1,1,0.91
2019-05-17,1,1,0.91
2019-05-20,1,1,0.87
2019-05-21,1,1,0.91
2019-05-22,0,0,0.24
2019-05-23,1,1,0.79
2019-05-24,0,0,0.26
2019-05-27,1,1,0.88
2019-05-28,0,0,0.26
2019-05-29,1,1,0.84
2019-05-30,1,1,0.82
2019-05-31,1,1,0.84
2019-06-03,0,0,0.14
2019-06-04,0,0,0.22
2019-06-06,0,0,0.26
2019-06-07,1,1,0.79
2019-06-10,1,1,0.89
2019-06-11,1,1,0.81
2019-06-12,0,0,0.16
2019-06-13,0,0,0.19
2019-06-14,0,0,0.15
2019-06-17,0,0,0.1
2019-06-18,0,0,0.16
2019-06-19,1,1,0.78
2019-06-20,0,0,0.22
2019-06-21,0,0,0.2
2019-06-24,1,1,0.87
2019-06-25,0,0,0.25
2019-06-26,0,0,0.18
2019-06-27,0,0,0.18
2019-06-28,1,1,0.82
2019-07-01,1,1,0.85
2019-07-02,1,1,0.88
2019-07-03,1,1,0.79
2019-07-04,0,0,0.17
2019-07-05,0,0,0.16
2019-07-08,1,1,0.9
2019-07-09,0,0,0.08
2019-07-10,1,1,0.79
2019-07-11,0,0,0.16
2019-07-12,0,0,0.14
2019-07-15,1,1,0.78
2019-07-16,0,0,0.23
2019-07-17,0,0,0.24
2019-07-18,0,0,0.08
2019-07-19,1,1,0.75
2019-07-22,0,0,0.14
2019-07-23,0,0,0.13
2019-07-24,0,0,0.08
2019-07-25,0,0,0.11
2019-07-26,0,0,0.15
2019-07-29,0,0,0.17
2019-07-30,0,0,0.17
2019-07-31,1,1,0.81
2019-08-01,1,1,0.7
2019-08-02,0,0,0.16
2019-08-05,0,0,0.1
2019-08-06,0,0,0.16
2019-08-07,1,1,0.7
2019-08-08,1,1,0.79
2019-08-09,1,1,0.88
2019-08-13,1,1,0.81
2019-08-14,0,0,0.18
2019-08-16,1,1,0.8
2019-08-19,0,0,0.21
2019-08-20,0,0,0.16
2019-08-21,0,0,0.21
2019-08-22,1,1,0.78
2019-08-23,0,0,0.24
2019-08-26,1,1,0.83
2019-08-27,0,0,0.19
2019-08-28,0,0,0.24
2019-08-29,1,1,0.82
2019-08-30,0,0,0.18
2019-09-03,0,0,0.17
2019-09-04,0,0,0.19
2019-09-05,1,1,0.76
2019-09-06,0,0,0.2
2019-09-09,1,1,0.77
2019-09-11,0,0,0.2
2019-09-12,1,1,0.78
2019-09-13,0,0,0.14
2019-09-16,0,0,0.13
2019-09-17,1,1,0.78
2019-09-18,0,0,0.22
2019-09-19,1,1,0.88
2019-09-20,0,0,0.16
2019-09-23,1,1,0.8
2019-09-24,1,1,0.81
2019-09-25,1,1,0.85
2019-09-26,1,1,0.88
2019-09-27,1,1,0.86
2019-09-30,0,0,0.25
2019-10-01,1,1,0.89
2019-10-03,0,0,0.24
2019-10-04,1,1,0.88
2019-10-07,1,1,0.9
2019-10-09,1,1,0.82
2019-10-10,0,0,0.28
2019-10-11,1,1,0.9
2019-10-14,1,1,0.9
2019-10-15,1,1,0.96
2019-10-16,1,1,0.84
2019-10-17,1,1,0.81
2019-10-18,0,0,0.18
2019-10-22,0,0,0.2
2019-10-23,1,1,0.79
2019-10-24,0,0,0.19
2019-10-25,1,1,0.78
2020-01-08,1,1,0.86
2020-01-09,0,0,0.11
2020-01-10,0,0,0.2
2020-01-13,0,0,0.12
2020-01-14,0,0,0.2
2020-01-15,1,1,0.77
2020-01-16,1,1,0.83
2020-01-17,0,0,0.17
2020-01-20,1,1,0.78
2020-01-21,0,0,0.11
2020-01-22,0,0,0.13
2020-01-23,0,0,0.13
2020-01-24,0,0,0.09
2020-01-27,0,0,0.08
2020-01-28,1,1,0.75
2020-01-29,0,0,0.16
2020-01-30,0,0,0.23
2020-01-31,0,0,0.14
2020-02-03,1,1,0.79
2020-02-04,1,1,0.84
2020-02-05,1,1,0.86
2020-02-06,0,0,0.36
2020-02-07,1,1,0.87
2020-02-10,1,1,0.88
2020-02-11,1,1,0.9
2020-02-12,1,1,0.94
2020-02-13,1,1,0.79
2020-02-14,0,0,0.14
2020-02-17,0,0,0.14
2020-02-18,1,1,0.74
2020-02-19,0,0,0.19
2020-02-20,0,0,0.22
2020-02-24,0,0,0.22
2020-02-25,0,0,0.13
2020-02-26,0,0,0.1
2020-02-27,0,0,0.08
2020-02-28,0,0,0.24
2020-03-02,1,1,0.77
2020-03-03,0,0,0.12
2020-03-04,0,0,0.24
2020-03-05,0,0,0.13
2020-03-06,0,0,0.2
2020-03-09,1,1,0.85
2020-03-11,0,0,0.18
2020-03-12,1,1,0.79
2020-03-13,0,0,0.15
2020-03-16,0,0,0.24
2020-03-17,0,0,0.2
2020-03-18,0,0,0.26
2020-03-19,1,1,0.78
2020-03-20,0,0,0.15
2020-03-23,1,1,0.84
2020-03-24,1,1,0.75
2020-03-25,0,0,0.18
2020-03-26,0,0,0.09
2020-03-27,0,0,0.17
2020-03-30,1,1,0.69
2020-03-31,0,0,0.18
2020-04-01,0,0,0.19
2020-04-03,1,1,0.73
2020-04-07,0,0,0.13
2020-04-08,1,1,0.7
2020-04-09,0,0,0.19
2020-04-13,0,0,0.29
2020-04-15,1,1,0.77
2020-04-16,1,1,0.81
2020-04-17,1,1,0.8
2020-04-20,0,0,0.28
2020-04-21,1,1,0.89
2020-04-22,1,1,0.86
2020-04-23,1,1,0.82
2020-04-24,1,1,0.89
2020-04-27,0,0,0.24
2020-04-28,0,0,0.17
2020-04-29,1,1,0.84
2020-04-30,0,0,0.24
2020-05-04,1,1,0.91
2020-05-05,1,1,0.82
2020-05-06,1,1,0.96
2020-05-07,1,1,0.91
2020-05-08,1,1,0.84
2020-05-11,0,0,0.25
2020-05-12,1,1,0.8
2020-05-13,0,0,0.24
2020-05-14,1,1,0.8
2020-05-15,0,0,0.27
2020-05-18,0,0,0.22
2020-05-19,1,1,0.78
2020-05-20,1,1,0.79
2020-05-21,0,0,0.28
2020-05-22,0,0,0.24
2020-05-26,1,1,0.77
2020-05-27,1,1,0.77
2020-05-28,0,0,0.29
2020-05-29,1,1,0.82
2020-06-01,1,1,0.8
2020-06-02,1,1,0.85
2020-06-03,1,1,0.83
2020-06-04,1,1,0.88
2020-06-05,0,0,0.22
2020-06-08,0,0,0.15
2020-06-09,1,1,0.79
2020-06-10,0,0,0.33
2020-06-11,1,1,0.91
2020-06-12,1,1,0.82
2020-06-15,1,1,0.79
2020-06-16,0,0,0.18
2020-06-17,1,1,0.72
2020-06-18,1,1,0.8
2020-06-19,0,0,0.26
2020-06-22,0,0,0.18
2020-06-23,1,1,0.75
2020-06-24,0,0,0.21
2020-06-25,1,1,0.83
2020-06-26,0,0,0.21
2020-06-29,0,0,0.29
2020-06-30,1,1,0.8
2020-07-01,1,1,0.89
2020-07-02,1,1,0.98
2020-07-03,1,1,0.8
2020-07-06,0,0,0.23
2020-07-07,0,0,0.27
2020-07-08,1,1,0.88
2020-07-09,1,1,0.91
2020-07-10,1,1,0.8
2020-07-13,0,0,0.16
2020-07-14,0,0,0.17
2020-07-15,0,0,0.19
2020-07-16,1,1,0.86
2020-07-17,1,1,0.77
2020-07-20,1,1,0.89
2020-07-21,1,1,0.81
2020-07-22,1,1,0.88
2020-07-23,1,1,0.8
2020-07-24,1,1,0.78
2020-07-27,1,1,0.69
2020-07-28,0,0,0.25
2020-07-29,1,1,0.7
2020-07-30,0,0,0.18
2020-07-31,0,0,0.18
2020-08-03,1,1,0.83
2020-08-04,0,0,0.15
2020-08-05,1,1,0.77
2020-08-06,1,1,0.84
2020-08-07,0,0,0.12
2020-08-10,1,1,0.75
2020-08-11,0,0,0.17
2020-08-12,0,0,0.15
2020-08-13,0,0,0.07
2020-08-14,0,0,0.13
2020-08-17,1,1,0.75
2020-08-18,1,1,0.8
2020-08-19,0,0,0.14
2020-08-20,0,0,0.23
2020-08-21,1,1,0.78
2020-08-24,0,0,0.19
2020-08-25,1,1,0.76
2020-08-26,0,0,0.15
2020-08-27,1,1,0.71
2020-08-28,0,0,0.16
2020-08-31,1,1,0.84
2020-09-01,1,1,0.85
2020-09-02,0,0,0.18
2020-09-03,0,0,0.21
2020-09-04,1,1,0.87
2020-09-07,1,1,0.8
2020-09-08,1,1,0.82
2020-09-09,1,1,0.82
2020-09-10,1,1,0.73
2020-09-11,0,0,0.3
2020-09-14,1,1,0.8
2020-09-15,1,1,0.82
2020-09-16,0,0,0.2
2020-09-17,1,1,0.82
2020-09-18,0,0,0.2
2020-09-21,0,0,0.23
2020-09-22,1,1,0.74
2020-09-23,0,0,0.21
2020-09-24,1,1,0.86
2020-09-25,1,1,0.82
2020-09-28,1,1,0.89
2020-09-29,0,0,0.16
2020-09-30,0,0,0.17
2020-10-01,0,0,0.15
2020-10-05,0,0,0.15
2020-10-06,1,1,0.76
2020-10-07,0,0,0.21
2020-10-08,0,0,0.26
2020-10-09,1,1,0.8
2020-10-12,1,1,0.78
2020-10-13,1,1,0.79
2020-10-14,0,0,0.31
2020-10-15,0,0,0.27
2020-10-16,1,1,0.81
2020-10-19,0,0,0.17
2020-10-20,0,0,0.21
2020-10-21,0,0,0.2
2020-10-22,1,1,0.79
2020-10-23,0,0,0.28
2020-10-26,1,1,0.78
2020-10-27,0,0,0.22
2020-10-28,1,1,0.9
2020-10-29,1,1,0.75
2020-10-30,0,0,0.23
2020-11-02,0,0,0.26
2020-11-03,1,1,0.83
2020-11-04,1,1,0.88
2020-11-05,1,1,0.84
2020-11-06,1,1,0.76
2020-11-09,1,1,0.86
2020-11-10,0,0,0.2
2020-11-11,0,0,0.18
2020-11-12,1,1,0.76
2020-11-13,0,0,0.24
2021-01-28,0,0,0.21
2021-01-29,1,1,0.71
2021-02-01,1,1,0.75
2021-02-02,1,1,0.87
2021-02-03,0,0,0.27
2021-02-04,0,0,0.25
2021-02-05,1,1,0.81
2021-02-08,1,1,0.81
2021-02-09,1,1,0.92
2021-02-10,1,1,0.87
2021-02-11,0,0,0.21
2021-02-12,1,1,0.86
2021-02-19,0,0,0.25
2021-02-22,1,1,0.78
2021-02-23,1,1,0.85
2021-02-24,1,1,0.81
2021-02-25,0,0,0.14
2021-02-26,1,1,0.85
2021-03-01,1,1,0.82
2021-03-02,1,1,0.81
2021-03-03,0,0,0.21
2021-03-04,1,1,0.83
2021-03-05,1,1,0.82
2021-03-08,0,0,0.17
2021-03-09,0,0,0.17
2021-03-10,0,0,0.25
2021-03-12,0,0,0.11
2021-03-15,0,0,0.08
2021-03-16,0,0,0.14
2021-03-17,0,0,0.1
2021-03-18,1,1,0.81
2021-03-19,0,0,0.15
2021-03-22,1,1,0.77
2021-03-23,0,0,0.12
2021-03-24,0,0,0.2
2021-03-25,1,1,0.81
2021-03-26,1,1,0.88
2021-03-30,0,0,0.2
2021-03-31,1,1,0.87
2021-04-01,0,0,0.21
2021-04-05,0,0,0.23
2021-04-06,1,1,0.8
2021-04-07,1,1,0.83
2021-04-08,0,0,0.19
2021-04-09,0,0,0.19
2021-04-12,1,1,0.87
2021-04-13,1,1,0.75
2021-04-15,0,0,0.15
2021-04-16,0,0,0.23
2021-04-19,0,0,0.26
2021-04-20,1,1,0.77
2021-04-22,0,0,0.27
2021-04-23,1,1,0.81
2021-04-26,1,1,0.87
2021-04-27,1,1,0.9
2021-04-28,1,1,0.82
2021-04-29,0,0,0.2
2021-04-30,0,0,0.15
2021-05-03,0,0,0.22
2021-05-04,1,1,0.79
2021-05-07,0,0,0.28
2021-05-10,1,1,0.86
2021-05-14,1,1,0.9
2021-05-17,1,1,0.91
2021-05-18,1,1,0.92
2021-05-19,0,0,0.24
2021-05-24,0,0,0.24
2021-05-27,1,1,0.82
2021-05-28,1,1,0.79
2021-06-02,1,1,0.83
2021-06-03,0,0,0.19
2021-06-04,1,1,0.76
2021-06-07,0,0,0.18
2021-06-08,0,0,0.19
2021-06-09,1,1,0.93
2021-06-10,1,1,0.88
2021-06-11,1,1,0.83
2021-06-14,1,1,0.78
2021-06-15,0,0,0.21
2021-06-16,1,1,0.85
2021-06-17,1,1,0.87
2021-06-18,1,1,0.8
2021-06-21,0,0,0.21
2021-06-22,0,0,0.15
2021-06-23,0,0,0.18
2021-06-24,0,0,0.19
2021-06-25,0,0,0.25
2021-06-28,1,1,0.79
2021-06-29,1,1,0.83
2021-06-30,0,0,0.29
2021-07-01,1,1,0.87
2021-07-02,0,0,0.25
2021-07-07,0,0,0.2
2021-07-08,0,0,0.13
2021-07-09,1,1,0.81
2021-07-12,1,1,0.77
2021-07-13,0,0,0.15
2021-07-14,0,0,0.15
2021-07-15,1,1,0.81
2021-07-16,0,0,0.21
2021-07-19,0,0,0.18
2021-07-20,1,1,0.79
2021-07-22,0,0,0.2
2021-07-23,0,0,0.14
2021-07-26,0,0,0.12
2021-07-27,0,0,0.16
2021-07-28,1,1,0.7
2021-07-29,0,0,0.21
2021-07-30,1,1,0.76
2021-08-02,1,1,0.8
2021-08-03,1,1,0.83
2021-08-04,1,1,0.79
2021-08-05,0,0,0.16
2021-08-06,0,0,0.22
2021-08-09,1,1,0.85
2021-08-10,1,1,0.77
2021-08-11,0,0,0.17
2021-08-12,1,1,0.84
2021-08-13,1,1,0.88
2021-08-16,0,0,0.19
2021-08-17,1,1,0.84
2021-08-18,0,0,0.27
2021-08-20,1,1,0.81
2021-08-23,1,1,0.82
2021-08-24,1,1,0.93
2021-08-25,1,1,0.89
2021-08-26,0,0,0.21
2021-08-27,1,1,0.9
2021-08-30,0,0,0.23
2021-08-31,1,1,0.87
2021-09-01,1,1,0.88
2021-09-02,1,1,0.82
2021-09-03,1,1,0.76
2021-09-06,1,1,0.8
2021-09-07,0,0,0.1
2021-09-08,0,0,0.07
2021-09-09,0,0,0.14
2021-09-13,0,0,0.16
2021-09-14,1,1,0.83
2021-09-15,1,1,0.81
2021-09-16,0,0,0.19
2021-09-17,1,1,0.79
2021-09-20,1,1,0.72
2021-09-21,1,1,0.85
2021-09-22,1,1,0.74
2021-09-23,0,0,0.14
2021-09-24,1,1,0.74
2021-09-27,1,1,0.8
2021-09-28,0,0,0.24
2021-09-29,0,0,0.18
2021-09-30,1,1,0.82
2021-10-01,1,1,0.94
2021-10-04,1,1,0.85
2021-10-05,0,0,0.16
2021-10-06,1,1,0.77
2021-10-07,1,1,0.92
2021-10-08,0,0,0.19
2021-10-11,1,1,0.8
2021-10-12,1,1,0.71
2021-10-13,1,1,0.86
2021-10-14,1,1,0.86
2021-10-18,1,1,0.83
2021-10-19,0,0,0.18
2021-10-20,0,0,0.2
2021-10-21,1,1,0.77
2021-10-22,0,0,0.16
2021-10-25,1,1,0.82
2021-10-26,0,0,0.13
2021-10-27,0,0,0.12
2021-10-28,0,0,0.18
2021-10-29,1,1,0.78
2021-11-01,0,0,0.25
2021-11-02,0,0,0.33
2021-11-03,1,1,0.77
2021-11-04,1,1,0.83
2021-11-08,1,1,0.8
2021-11-09,1,1,0.89
2021-11-10,1,1,0.91
2021-11-11,1,1,0.82
2021-11-12,0,0,0.1
2021-11-15,0,0,0.23
2021-11-16,0,0,0.19
2021-11-17,1,1,0.77
2021-11-18,0,0,0.28
2021-11-22,1,1,0.78
2021-11-23,0,0,0.08
2021-11-24,1,1,0.82
2021-11-25,0,0,0.23
2021-11-26,1,1,0.84
2021-11-29,0,0,0.18
2021-11-30,1,1,0.74
2021-12-01,1,1,0.84
2021-12-02,0,0,0.24
2021-12-03,0,0,0.16
2021-12-06,1,1,0.88
2021-12-07,1,1,0.84
2021-12-08,1,1,0.85
2021-12-09,1,1,0.77
2021-12-10,0,0,0.16
2021-12-13,0,0,0.19
2021-12-14,0,0,0.18
2021-12-15,1,1,0.82
2021-12-16,0,0,0.16
2021-12-17,0,0,0.14
2021-12-20,1,1,0.86
2021-12-21,1,1,0.8
2021-12-22,0,0,0.18
2021-12-23,1,1,0.85
2021-12-24,0,0,0.17
2021-12-27,1,1,0.82
2021-12-28,1,1,0.92
2021-12-29,0,0,0.16
2021-12-30,1,1,0.77
2021-12-31,1,1,0.85
2022-01-03,1,1,0.84
2022-01-04,1,1,0.86
2022-01-05,0,0,0.32
2022-01-06,1,1,0.8
2022-01-07,1,1,0.8
2022-01-10,1,1,0.83
2022-01-11,1,1,0.83
2022-01-12,1,1,0.88
2022-01-13,1,1,0.86
2022-01-14,1,1,0.82
2022-01-17,0,0,0.18
2022-01-18,0,0,0.22
2022-01-19,0,0,0.21
2022-01-20,1,1,0.75
2022-01-21,0,0,0.15
2022-01-24,0,0,0.16
2022-01-25,0,0,0.1
2022-01-27,0,0,0.11
2022-01-28,1,1,0.85
2022-01-31,0,0,0.13
2022-02-01,1,1,0.79
2022-02-02,0,0,0.19
2022-02-03,0,0,0.23
2022-02-04,0,0,0.21
2022-02-07,1,1,0.79
2022-02-08,1,1,0.84
2022-02-09,0,0,0.2
2022-02-10,0,0,0.15
2022-02-11,0,0,0.25
2022-02-14,1,1,0.84
2022-02-15,0,0,0.2
2022-02-16,1,1,0.85
2022-02-17,0,0,0.18
2022-02-18,0,0,0.18
2022-02-21,0,0,0.15
2022-02-22,0,0,0.16
2022-02-23,0,0,0.13
2022-02-24,1,1,0.77
2022-02-25,1,1,0.82
2022-02-28,1,1,0.86
2022-03-02,0,0,0.27
2022-03-03,0,0,0.19
2022-03-04,0,0,0.23
2022-03-07,0,0,0.25
2022-03-08,1,1,0.81
2022-03-09,1,1,0.88
2022-03-10,1,1,0.83
2022-03-11,1,1,0.87
2022-03-14,0,0,0.24
2022-03-15,1,1,0.78
2022-03-16,1,1,0.89
2022-03-17,0,0,0.26
2022-03-21,1,1,0.89
2022-03-22,1,1,0.87
2022-03-23,1,1,0.97
2022-03-24,1,1,0.86
2022-03-25,1,1,0.82
2022-03-28,1,1,0.86
2022-03-29,1,1,0.79
2022-03-30,0,0,0.21
2022-03-31,1,1,0.81
2022-04-01,1,1,0.87
2022-04-04,0,0,0.25
2022-04-05,0,0,0.19
2022-04-06,0,0,0.11
2022-04-07,1,1,0.76
2022-04-08,0,0,0.12
2022-04-11,0,0,0.11
2022-04-12,0,0,0.12
2022-04-13,0,0,0.13
2022-04-18,1,1,0.76
2022-04-19,1,1,0.83
2022-04-20,1,1,0.79
2022-04-21,0,0,0.15
2022-04-22,0,0,0.2
2022-04-25,1,1,0.8
2022-04-26,1,1,0.9
2022-04-27,1,1,0.84
2022-04-28,0,0,0.16
2022-04-29,0,0,0.16
2022-05-02,0,0,0.26
2022-05-04,0,0,0.15
2022-05-05,0,0,0.17
2022-05-06,0,0,0.09
2022-05-09,0,0,0.13
2022-05-10,0,0,0.11
2022-05-11,0,0,0.2
2022-05-12,1,1,0.85
2022-05-13,1,1,0.82
2022-05-16,1,1,0.85
2022-05-17,1,1,0.74
2022-05-18,0,0,0.17
2022-05-19,1,1,0.83
2022-05-20,0,0,0.18
2022-05-23,1,1,0.88
2022-05-24,0,0,0.18
2022-05-25,0,0,0.17
2022-05-26,0,0,0.23
2022-05-27,1,1,0.8
2022-05-30,0,0,0.24
2022-05-31,1,1,0.81
2022-06-01,1,1,0.77
2022-06-02,1,1,0.88
2022-06-03,0,0,0.23
2022-06-06,1,1,0.75
2022-06-07,0,0,0.21
2022-06-08,1,1,0.74
2022-06-09,0,0,0.16
2022-06-10,0,0,0.14
2022-06-13,0,0,0.14
2022-06-14,0,0,0.14
2022-06-15,0,0,0.13
2022-06-16,1,1,0.77
2022-06-17,0,0,0.15
2022-06-20,1,1,0.84
2022-06-21,0,0,0.19
2022-06-22,0,0,0.24
2022-06-23,1,1,0.88
2022-06-24,0,0,0.32
2022-06-27,1,1,0.87
2022-06-28,1,1,0.79
2022-06-29,1,1,0.75
2022-06-30,0,0,0.21
2022-07-01,1,1,0.84
2022-07-04,1,1,0.83
2022-07-05,0,0,0.3
2022-07-06,0,0,0.24
2022-07-07,1,1,0.85
2022-07-08,1,1,0.89
2022-07-11,0,0,0.28
2022-07-12,0,0,0.18
2022-07-13,1,1,0.87
2022-07-14,1,1,0.83
2022-07-15,1,1,0.91
2022-07-18,1,1,0.91
2022-07-19,1,1,0.86
2022-07-20,0,0,0.28
2022-07-21,1,1,0.78
2022-07-22,0,0,0.27
2022-07-25,1,1,0.83
2022-07-26,0,0,0.12
2022-07-27,1,1,0.87
2022-07-28,1,1,0.85
2022-07-29,1,1,0.84
2022-08-01,1,1,0.82
2022-08-02,1,1,0.74
2022-08-03,0,0,0.16
2022-08-04,0,0,0.37
2022-08-05,1,1,0.87
2022-08-08,1,1,0.88
2022-08-10,1,1,0.88
2022-08-11,1,1,0.87
2022-08-12,1,1,0.86
2022-08-16,1,1,0.9
2022-08-17,1,1,0.81
2022-08-18,0,0,0.22
2022-08-19,0,0,0.24
2022-08-22,1,1,0.84
2022-08-23,0,0,0.23
2022-08-24,0,0,0.14
2022-08-25,0,0,0.13
2022-08-26,0,0,0.18
2022-08-29,1,1,0.77
2022-08-30,0,0,0.16
2022-09-01,0,0,0.22
2022-09-02,1,1,0.81
2022-09-05,1,1,0.82
2022-09-06,0,0,0.23
2022-09-07,1,1,0.74
2022-09-08,0,0,0.22
2022-09-09,1,1,0.76
2022-09-12,1,1,0.79
2022-09-13,0,0,0.16
2022-09-14,0,0,0.17
2022-09-15,0,0,0.14
2022-09-16,1,1,0.85
2022-09-19,1,1,0.79
2022-09-20,1,1,0.83
2022-09-21,0,0,0.12
2022-09-22,0,0,0.19
2022-09-23,0,0,0.27
2022-09-26,1,1,0.83
2022-09-27,0,0,0.18
2022-09-28,0,0,0.21
2022-09-29,1,1,0.76
2022-09-30,0,0,0.19
2022-10-03,1,1,0.89
2022-10-04,1,1,0.82
2022-10-06,1,1,0.84
2022-10-07,0,0,0.24
2022-10-10,0,0,0.15
2022-10-11,1,1,0.89
2022-10-12,1,1,0.83
2022-10-13,0,0,0.21
2022-10-14,1,1,0.8
2022-10-17,1,1,0.85
2022-10-18,1,1,0.83
2022-10-19,1,1,0.91
2022-10-20,0,0,0.19
2022-10-21,1,1,0.83
2022-10-24,0,0,0.19
2022-10-25,1,1,0.8
2022-10-27,1,1,0.87
2022-10-28,1,1,0.89
2022-10-31,0,0,0.31
2022-11-01,1,1,0.86
2022-11-02,1,1,0.82
2022-11-03,1,1,0.8
2022-11-04,1,1,0.8
2022-11-07,0,0,0.17
2022-11-09,0,0,0.16
2022-11-10,1,1,0.79
2022-11-11,0,0,0.21
2022-11-14,0,0,0.2
2022-11-15,0,0,0.1
2022-11-16,1,1,0.82
2022-11-17,0,0,0.17
2022-11-18,0,0,0.13
2022-11-21,1,1,0.71
2022-11-22,0,0,0.22
2022-11-23,1,1,0.77
2022-11-24,1,1,0.87
2022-11-25,1,1,0.7
2022-11-28,1,1,0.77
2022-11-29,1,1,0.77
2022-11-30,0,0,0.14
2022-12-01,0,0,0.21
2022-12-02,0,0,0.19
2022-12-05,1,1,0.72
2022-12-06,0,0,0.2
2022-12-07,0,0,0.1
2022-12-08,0,0,0.14
2022-12-09,1,1,0.77
2022-12-12,1,1,0.76
2022-12-13,0,0,0.19
2022-12-14,0,0,0.15
2022-12-15,0,0,0.14
2022-12-16,1,1,0.87
2022-12-19,1,1,0.8
2022-12-20,0,0,0.2
2022-12-21,0,0,0.13
2022-12-22,0,0,0.17
2022-12-23,1,1,0.79
2022-12-28,0,0,0.2
2022-12-29,1,1,0.69
2022-12-30,1,1,0.77
2023-01-02,0,0,0.23
2023-01-03,0,0,0.15
2023-01-04,0,0,0.12
2023-01-05,1,1,0.61
2023-01-06,1,1,0.83
2023-01-09,0,0,0.17
2023-01-10,0,0,0.09
2023-01-11,0,0,0.08
2023-01-12,0,0,0.08
2023-01-13,0,0,0.06
2023-01-16,1,1,0.85
2023-01-17,0,0,0.15
2023-01-18,0,0,0.13
2023-01-19,0,0,0.08
2023-01-20,0,0,0.09
2023-01-23,0,0,0.1
2023-01-24,0,0,0.17
2023-01-25,0,0,0.25
2023-01-27,1,1,0.82
2023-01-30,0,0,0.12
2023-01-31,0,0,0.09
2023-02-01,0,0,0.09
2023-02-02,1,1,0.81
2023-02-03,0,0,0.17
2023-02-06,0,0,0.22
2023-02-07,1,1,0.76
2023-02-08,1,1,0.81
2023-02-09,0,0,0.27
2023-02-10,0,0,0.28
2023-02-13,1,1,0.84
2023-02-14,1,1,0.8
2023-02-15,0,0,0.21
2023-02-16,1,1,0.82
2023-02-17,0,0,0.24
2023-02-20,1,1,0.82
2023-02-21,0,0,0.13
2023-02-22,0,0,0.13
2023-02-23,1,1,0.78
2023-02-24,0,0,0.18
2023-02-27,0,0,0.21
2023-02-28,1,1,0.73
2023-03-01,0,0,0.25
2023-03-02,1,1,0.82
2023-03-03,1,1,0.83
2023-03-06,1,1,0.85
2023-03-08,0,0,0.2
2023-03-09,0,0,0.13
2023-03-10,0,0,0.14
2023-03-13,0,0,0.18
2023-03-14,0,0,0.12
2023-03-15,0,0,0.11
2023-03-16,0,0,0.11
2023-03-17,0,0,0.15
2023-03-20,1,1,0.75
2023-03-21,1,1,0.82
2023-03-22,0,0,0.22
2023-03-23,0,0,0.19
2023-03-24,1,1,0.85
2023-03-27,1,1,0.91
2023-03-28,0,0,0.18
2023-03-29,1,1,0.78
2023-03-31,1,1,0.82
2023-04-03,0,0,0.23
2023-04-05,1,1,0.79
2023-04-06,0,0,0.29
2023-04-10,1,1,0.81
2023-04-11,1,1,0.88
2023-04-12,1,1,0.9
2023-04-13,1,1,0.88
2023-04-17,0,0,0.16
2023-04-18,1,1,0.83
2023-04-19,0,0,0.24
2023-04-20,1,1,0.89
2023-04-21,1,1,0.94
2023-04-24,1,1,0.87
2023-04-25,0,0,0.24
2023-04-26,1,1,0.9
2023-04-27,1,1,0.9
2023-04-28,1,1,0.84
2023-05-02,0,0,0.14
2023-05-03,1,1,0.83
2023-05-04,0,0,0.12
2023-05-05,1,1,0.78
2023-05-08,1,1,0.83
2023-05-09,1,1,0.9
2023-05-10,0,0,0.14
2023-05-11,1,1,0.85
2023-05-12,1,1,0.89
2023-05-15,0,0,0.23
2023-05-16,0,0,0.15
2023-05-17,0,0,0.27
2023-05-18,1,1,0.82
2023-05-19,1,1,0.8
2023-05-22,0,0,0.23
2023-05-23,0,0,0.19
2023-05-24,0,0,0.21
2023-05-25,1,1,0.76
2023-05-26,1,1,0.82
2023-05-29,0,0,0.13
2023-05-30,0,0,0.17
2023-05-31,0,0,0.14
2023-06-01,0,0,0.27
2023-06-02,1,1,0.83
2023-06-05,1,1,0.92
2023-06-06,1,1,0.91
2023-06-07,1,1,0.83
2023-06-08,0,0,0.22
2023-06-09,1,1,0.79
2023-06-12,1,1,0.81
2023-06-13,1,1,0.87
2023-06-14,1,1,0.91
2023-06-15,1,1,0.87
2023-06-16,0,0,0.18
2023-06-19,1,1,0.77
2023-06-20,1,1,0.78
2023-06-21,0,0,0.26
2023-06-22,0,0,0.13
2023-06-23,0,0,0.27
2023-06-26,1,1,0.9
2023-06-27,1,1,0.84
2023-06-28,1,1,0.92
2023-06-30,1,1,0.85
2023-07-03,0,0,0.22
2023-07-04,0,0,0.17
2023-07-05,1,1,0.77
2023-07-06,0,0,0.19
2023-07-07,1,1,0.87
2023-07-10,1,1,0.79
2023-07-11,1,1,0.74
2023-07-12,0,0,0.17
2023-07-13,0,0,0.16
2023-07-14,1,1,0.79
2023-07-17,1,1,0.88
2023-07-18,1,1,0.67
2023-07-19,0,0,0.15
2023-07-20,0,0,0.19
2023-07-21,0,0,0.18
2023-07-24,0,0,0.2
2023-07-25,1,1,0.7
2023-07-26,0,0,0.17
2023-07-27,1,1,0.71
2023-07-28,1,1,0.8
2023-07-31,0,0,0.1
2023-08-01,0,0,0.13
2023-08-02,0,0,0.16
2023-08-03,1,1,0.77
2023-08-04,1,1,0.88
2023-08-07,0,0,0.14
2023-08-08,1,1,0.85
2023-08-09,1,1,0.82
2023-08-10,1,1,0.87
2023-08-11,1,1,0.84
2023-08-14,0,0,0.17
2023-08-16,0,0,0.21
2023-08-17,1,1,0.79
2023-08-18,0,0,0.13
2023-08-21,0,0,0.18
2023-08-22,1,1,0.71
2023-08-23,0,0,0.24
2023-08-24,0,0,0.08
2023-08-25,0,0,0.13
2023-08-28,0,0,0.11
2023-08-29,0,0,0.16
2023-08-30,0,0,0.24
2023-08-31,1,1,0.78
2023-09-01,0,0,0.16
2023-09-04,1,1,0.8
2023-09-05,1,1,0.93
2023-09-06,1,1,0.92
2023-09-07,1,1,0.86
2023-09-08,1,1,0.95
2023-09-11,0,0,0.32
2023-09-12,1,1,0.9
2023-09-13,1,1,0.85
2023-09-14,1,1,0.82
2023-09-15,0,0,0.33
2023-09-18,0,0,0.18
2023-09-20,0,0,0.18
2023-09-21,0,0,0.17
2023-09-22,0,0,0.17
2023-09-25,1,1,0.77
2023-09-26,1,1,0.8
2023-09-27,0,0,0.16
2023-09-28,1,1,0.77
2023-09-29,0,0,0.23
2023-10-03,0,0,0.17
2023-10-04,0,0,0.22
2023-10-05,1,1,0.79
2023-10-06,0,0,0.25
2023-10-09,1,1,0.87
2023-10-10,1,1,0.76
2023-10-11,1,1,0.79
2023-10-12,0,0,0.16
2023-10-13,0,0,0.14
2023-10-16,1,1,0.8
2023-10-17,0,0,0.21
2023-10-18,0,0,0.12
2023-10-19,0,0,0.16
